pressure_alt_ft,psi,fuel_flow_lbh,fit_a,fit_b
0.0,10.0,383.7,292.6,9.446
0.0,20.0,483.3,292.6,9.446
0.0,30.0,580.0,292.6,9.446
0.0,40.0,670.0,292.6,9.446
0.0,50.0,762.6,292.6,9.446
2000.0,10.0,364.3,273.9,9.416
2000.0,20.0,465.5,273.9,9.416
2000.0,30.0,558.7,273.9,9.416
2000.0,40.0,650.9,273.9,9.416
2000.0,50.0,742.4,273.9,9.416
4000.0,10.0,343.9,251.7,9.501
4000.0,20.0,444.2,251.7,9.501
4000.0,30.0,538.9,251.7,9.501
4000.0,40.0,631.6,251.7,9.501
4000.0,50.0,725.2,251.7,9.501
6000.0,10.0,332.1,238.3,9.376
6000.0,20.0,426.5,238.3,9.376
6000.0,30.0,519.1,238.3,9.376
6000.0,40.0,612.3,238.3,9.376
6000.0,50.0,708.0,238.3,9.376
