cond,backend,level,seed,ol_dphi,ol_dth,ol_dpsi,ol_p,ol_q,ol_r,ol_dxy,ol_dh,cl_xy_rms,cl_xy_max,cl_h_rms,cl_h_max,cl_psi_rms,cl_psi_max,cl_u_rms,cl_u_max,cl_band_frac,cl_dctrl_rms,cl_sat_frac,gust_sig_n,gust_sig_e,gust_sig_d
H0,dryden_agl,none,0,0.0911106,0.0451059,0.033633,0.0157663,0.0101715,0.0160126,1.27126,0.350736,0.0509254,0.17458,0.00961463,0.0207066,0.00947033,0.0297229,nan,nan,1,0.000;0.001;0.001;0.000,0,0,0,0
H0,dryden_agl,none,1,0.0911106,0.0451059,0.033633,0.0157663,0.0101715,0.0160126,1.27126,0.350736,0.0509254,0.17458,0.00961463,0.0207066,0.00947033,0.0297229,nan,nan,1,0.000;0.001;0.001;0.000,0,0,0,0
H0,dryden_agl,none,2,0.0911106,0.0451059,0.033633,0.0157663,0.0101715,0.0160126,1.27126,0.350736,0.0509254,0.17458,0.00961463,0.0207066,0.00947033,0.0297229,nan,nan,1,0.000;0.001;0.001;0.000,0,0,0,0
H0,dryden_agl,none,3,0.0911106,0.0451059,0.033633,0.0157663,0.0101715,0.0160126,1.27126,0.350736,0.0509254,0.17458,0.00961463,0.0207066,0.00947033,0.0297229,nan,nan,1,0.000;0.001;0.001;0.000,0,0,0,0
H0,dryden_agl,none,4,0.0911106,0.0451059,0.033633,0.0157663,0.0101715,0.0160126,1.27126,0.350736,0.0509254,0.17458,0.00961463,0.0207066,0.00947033,0.0297229,nan,nan,1,0.000;0.001;0.001;0.000,0,0,0,0
H0,dryden_agl,none,5,0.0911106,0.0451059,0.033633,0.0157663,0.0101715,0.0160126,1.27126,0.350736,0.0509254,0.17458,0.00961463,0.0207066,0.00947033,0.0297229,nan,nan,1,0.000;0.001;0.001;0.000,0,0,0,0
H0,dryden_agl,light,0,1.84047,0.150183,4.17011,0.489434,0.0849767,0.788253,14.3353,2.23675,2.10233,4.52978,0.350611,0.975217,0.91428,1.86037,nan,nan,1,0.014;0.019;0.013;0.015,0,4.11829,4.60671,1.92853
H0,dryden_agl,light,1,1.12605,0.319082,1.8662,0.741169,0.0694182,1.39169,9.25742,2.43543,1.47816,2.97019,0.431116,1.14998,0.780553,1.96948,nan,nan,1,0.014;0.020;0.014;0.015,0,3.15508,3.99441,2.42342
H0,dryden_agl,light,2,3.5733,0.365304,7.35448,0.678232,0.141809,1.27993,42.9199,9.04892,1.47292,3.27513,0.434756,1.33089,0.640299,1.72292,nan,nan,1,0.014;0.020;0.014;0.015,0,3.17042,3.56089,2.29054
H0,dryden_agl,light,3,1.17918,0.340305,2.42628,0.469088,0.0745316,0.744119,13.8291,11.4569,0.873813,3.2183,0.473762,1.29018,0.511628,1.6611,nan,nan,1,0.014;0.018;0.012;0.015,0,2.18852,2.2313,2.91371
H0,dryden_agl,light,4,0.485109,0.358838,0.746651,0.344952,0.0884936,0.55544,2.43533,3.57127,1.30875,2.7719,0.491711,1.3226,0.755221,1.90803,nan,nan,1,0.014;0.020;0.014;0.015,0,2.1697,3.82345,2.64084
H0,dryden_agl,light,5,1.88481,1.2148,3.33902,0.532515,0.225713,0.862056,21.938,10.9198,1.47705,3.20487,0.381702,1.0293,0.684971,1.50591,nan,nan,1,0.014;0.018;0.012;0.015,0,3.10342,3.66713,2.14894
H0,dryden_agl,moderate,0,3.67697,0.231878,8.73591,0.945458,0.191688,1.61593,28.5782,4.29759,4.12623,8.70907,0.751987,2.14674,1.94306,4.01126,nan,nan,0.73625,0.029;0.039;0.025;0.032,0,8.19322,8.83934,3.85333
H0,dryden_agl,moderate,1,2.0565,0.645111,3.97687,1.42061,0.145356,2.97098,17.5303,4.75974,2.86645,5.59075,0.921559,2.33128,1.65837,4.29838,nan,nan,0.955625,0.029;0.041;0.028;0.032,0,6.17493,7.8989,4.75615
H0,dryden_agl,moderate,2,6.80804,1.05619,15.2275,1.29658,0.366107,2.70149,86.9945,19.9848,2.8643,6.58167,0.877571,2.58235,1.33903,3.63191,nan,nan,0.948125,0.028;0.040;0.027;0.030,0,6.47285,6.97139,4.56632
H0,dryden_agl,moderate,3,2.11314,0.715383,4.83238,0.882015,0.147882,1.51533,27.9016,22.7518,1.77083,6.38918,0.937568,2.6166,1.07919,3.49503,nan,nan,0.965625,0.029;0.036;0.025;0.030,0,4.34585,4.43943,5.75852
H0,dryden_agl,moderate,4,0.783576,0.704278,1.39473,0.645228,0.175339,1.09492,5.35078,7.15002,2.5729,5.64079,1.04037,2.83967,1.68808,4.52581,nan,nan,0.934375,0.030;0.041;0.028;0.031,0,4.22289,7.48672,5.29461
H0,dryden_agl,moderate,5,3.63678,2.42527,7.9324,0.962907,0.446487,1.62866,43.6477,25.0271,2.89672,6.30043,0.780609,2.14261,1.43329,3.1375,nan,nan,0.945625,0.028;0.037;0.024;0.031,0,6.14075,7.22128,4.29722
H0,dryden_agl,severe,0,5.46119,0.240627,13.8167,1.38931,0.319615,2.49021,42.8508,5.78219,5.99824,12.2654,1.21778,3.32578,3.19314,6.33285,nan,nan,0.43125,0.051;0.064;0.040;0.055,0,12.2868,12.5538,5.83405
H0,dryden_agl,severe,1,2.98794,0.96289,6.28327,2.07814,0.224042,4.69977,25.574,6.47332,4.11206,7.75465,1.47644,3.57856,2.65972,6.66961,nan,nan,0.6075,0.048;0.066;0.043;0.052,0,8.87792,11.3213,6.98748
H0,dryden_agl,severe,2,9.87563,2.09534,23.6926,1.89953,0.6434,4.47588,131.642,34.3211,4.10882,9.63885,1.33721,3.58508,2.12675,5.88162,nan,nan,0.74125,0.045;0.063;0.043;0.049,0,9.9311,9.8688,6.7326
H0,dryden_agl,severe,3,3.00248,1.12835,7.27897,1.27139,0.221605,2.32831,42.2311,34.7266,2.72547,9.80923,1.36037,3.96762,1.74173,5.36757,nan,nan,0.866875,0.046;0.057;0.038;0.048,0,6.32221,6.67496,8.2274
H0,dryden_agl,severe,4,1.08541,1.06278,2.32034,0.946835,0.27252,1.7508,8.38894,10.6339,3.85163,9.50083,1.62709,4.31039,2.87516,8.09012,nan,nan,0.64625,0.048;0.066;0.045;0.051,0,6.29951,10.8925,7.85838
H0,dryden_agl,severe,5,5.34392,3.62348,13.9876,1.38967,0.652643,2.60504,65.814,41.3321,3.8777,8.79665,1.17734,3.33382,2.23524,5.26532,nan,nan,0.745,0.046;0.060;0.038;0.051,0,9.4643,9.85971,6.28709
H0,jsbsim_tustin,light,0,15.7705,12.5046,136.429,5.3537,9.38694,41.3363,53.9431,4.52814,203.281,428.594,2.4402,8.07409,39.7026,178.907,nan,nan,0.07625,0.051;0.635;0.243;0.696,0.276875,6.22654,32.4966,6.57584
H0,jsbsim_tustin,light,1,10.253,4.24003,179.676,4.81222,6.74487,56.4346,41.3095,2.11053,130.048,307.671,3.85864,12.7203,34.8827,179.264,nan,nan,0.0925,0.046;0.649;0.285;0.713,0.269375,2.10075,31.7553,8.0276
H0,jsbsim_tustin,light,2,15.9031,13.4154,179.912,12.7249,9.62905,62.739,67.2454,10.5269,178.982,389.6,4.35552,14.0643,16.9747,43.5219,nan,nan,0.056875,0.060;0.620;0.244;0.166,0.180625,4.17023,13.3756,10.5726
H0,jsbsim_tustin,light,3,2.60869,3.10747,25.4681,1.37293,3.13216,19.9517,7.25734,0.709827,82.3878,199.57,2.90317,8.43663,20.133,51.4149,nan,nan,0.043125,0.047;0.613;0.225;0.187,0.099375,6.93644,17.0879,6.23836
H0,jsbsim_tustin,light,4,14.5485,21.6035,142.654,6.2325,8.71972,44.4806,60.133,8.29049,148.11,311.538,4.13128,10.3868,43.5569,154.365,nan,nan,0.143125,0.061;0.636;0.265;0.180,0.361875,4.0041,32.3206,11.2406
H0,jsbsim_tustin,light,5,2.52474,1.32578,112.509,5.52183,3.12383,26.8145,29.6623,0.670319,165.553,437.111,3.5139,10.92,60.6476,179.83,nan,nan,0.08,0.057;0.727;0.289;0.707,0.40625,3.40274,43.7869,7.6605
H0,jsbsim_tustin,moderate,0,30.0719,28.8309,171.436,17.865,14.8514,48.5835,91.2573,19.0838,831.797,1752.14,11.1135,64.5236,49.6564,178.653,nan,nan,0.046875,0.096;0.808;0.411;0.721,0.3975,7.67378,27.1172,8.92135
H0,jsbsim_tustin,moderate,1,23.4424,20.1992,179.695,12.098,15.8605,54.6498,61.5347,16.849,355.059,835.288,5.98408,16.69,50.0504,149.394,nan,nan,0.08375,0.100;0.894;0.368;0.275,0.47375,3.30437,34.8526,11.6681
H0,jsbsim_tustin,moderate,2,27.9466,31.0796,179.542,18.251,31.2515,72.8729,102.598,43.2437,1167.01,2478.94,64.3272,201.84,46.1894,130.665,nan,nan,0.045625,0.135;0.852;0.491;0.319,0.505,5.88343,28.5184,25.941
H0,jsbsim_tustin,moderate,3,4.64045,4.52365,37.1941,2.40419,5.76818,20.5547,19.9756,0.433127,525.492,1000.58,13.0821,34.9731,44.4179,179.28,nan,nan,0.0325,0.133;0.905;0.429;1.001,0.43375,10.4049,62.5366,25.5967
H0,jsbsim_tustin,moderate,4,16.7527,29.8083,179.757,9.22454,13.2371,52.3069,74.9932,13.0853,nan,nan,nan,nan,nan,nan,nan,nan,0.07125,nan;nan;nan;nan,0.510625,nan,nan,nan
H0,jsbsim_tustin,moderate,5,15.161,6.39093,160.298,9.12997,11.0576,48.1528,71.0499,5.69221,327.372,587.207,6.29536,24.8346,50.1712,178.596,nan,nan,0.068125,0.094;0.959;0.426;0.998,0.473125,4.93504,41.9844,14.0114
H0,jsbsim_tustin,severe,0,174.553,87.047,176.04,72.8643,47.2622,185.73,235.747,133.647,947.025,1932.16,27.4312,83.1791,81.8319,179.867,nan,nan,0.031875,0.186;1.579;0.822;1.570,0.756875,18.7033,81.1424,25.643
H0,jsbsim_tustin,severe,1,146.475,80.8469,158.873,171.691,277.658,278.029,240.374,104.098,nan,nan,nan,nan,nan,nan,nan,nan,0.029375,nan;nan;nan;nan,0.160625,nan,nan,nan
H0,jsbsim_tustin,severe,2,171.835,87.7684,178.596,2872.99,2457.44,5262.71,404.598,841.414,nan,nan,nan,nan,nan,nan,nan,nan,0.033125,nan;nan;nan;nan,0.1125,nan,nan,nan
H0,jsbsim_tustin,severe,3,18.6169,20.9732,58.411,12.1897,20.9411,39.1708,69.7282,12.255,nan,nan,nan,nan,nan,nan,nan,nan,0.026875,nan;nan;nan;nan,0.64375,nan,nan,nan
H0,jsbsim_tustin,severe,4,134.153,76.4097,178.967,1.22534e+109,4.88795e+108,9.93467e+106,2.80381e+07,93.0538,1295.24,2016.91,193.166,449.549,78.1812,179.959,nan,nan,0.034375,0.449;1.968;0.985;1.560,0.67125,nan,nan,nan
H0,jsbsim_tustin,severe,5,173.982,73.1922,141.114,428.617,176.904,145.342,247.675,128.691,nan,nan,nan,nan,nan,nan,nan,nan,0.04875,nan;nan;nan;nan,0.44125,nan,nan,nan
H0,jsbsim_milspec,light,0,26.1007,7.99029,12.6268,12.0294,6.14755,12.7864,81.9489,5.52742,23.5166,73.7929,1.15221,5.56018,3.04959,8.90761,nan,nan,0.10125,0.019;0.582;0.166;0.073,0,3.38678,8.88461,3.17579
H0,jsbsim_milspec,light,1,7.68013,13.0289,15.6787,7.06124,8.87841,8.02061,76.1081,2.24479,20.4108,40.3936,0.312253,0.86605,3.61718,9.70012,nan,nan,0.16,0.009;0.421;0.126;0.071,0,1.07088,2.30365,2.6033
H0,jsbsim_milspec,light,2,12.2032,5.25951,12.4165,16.7038,8.47301,11.6021,92.4219,1.87498,68.7825,164.483,1.31767,4.62399,4.20598,14.2213,nan,nan,0.081875,0.034;0.644;0.189;0.085,0.009375,4.23416,3.67158,2.72083
H0,jsbsim_milspec,light,3,7.56644,3.75336,21.4737,3.23887,4.1401,8.0547,13.4008,0.709676,58.1332,138.295,1.37908,5.14023,5.00762,13.3879,nan,nan,0.095,0.032;0.611;0.186;0.089,0,6.57421,3.70323,3.84092
H0,jsbsim_milspec,light,4,30.58,11.1761,25.0277,9.93764,3.61308,16.7924,110.229,18.6362,30.056,96.2257,0.73603,2.30675,4.08348,12.7725,nan,nan,0.133125,0.018;0.577;0.175;0.076,0.003125,2.86361,3.9865,5.29027
H0,jsbsim_milspec,light,5,5.91087,4.70111,7.63568,7.09804,5.96876,3.6041,55.1357,2.18798,37.1116,81.813,0.725018,2.23154,4.35015,13.327,nan,nan,0.14,0.019;0.595;0.182;0.078,0,2.52784,3.68728,5.72352
H0,jsbsim_milspec,moderate,0,35.7302,20.7285,23.6815,18.6337,11.9717,20.791,127.971,20.8757,42.293,141.104,2.27763,10.7012,5.2475,16.9146,nan,nan,0.078125,0.037;0.966;0.249;0.120,0.00625,5.72351,11.6473,4.8113
H0,jsbsim_milspec,moderate,1,13.4295,16.8418,23.8371,12.704,13.7112,13.7322,121.149,1.90911,76.5525,194.703,1.62979,4.46334,7.8094,24.1219,nan,nan,0.094375,0.041;0.985;0.271;0.134,0.0025,3.47947,6.3769,6.09974
H0,jsbsim_milspec,moderate,2,18.921,8.01162,38.8764,23.6424,13.9582,24.6657,156.357,8.69462,126.08,298.706,1.84253,6.4574,6.73338,22.2388,nan,nan,0.0675,0.046;0.932;0.275;0.133,0.03375,6.59312,5.46611,4.56685
H0,jsbsim_milspec,moderate,3,12.8214,4.72369,31.1796,5.61235,7.0358,11.3662,22.3751,1.97395,71.2538,204.639,2.29605,6.78608,8.33405,26.6621,nan,nan,0.0625,0.051;0.954;0.272;0.139,0.018125,9.42297,6.54726,6.34924
H0,jsbsim_milspec,moderate,4,41.088,38.6962,47.4559,14.015,10.508,37.4343,179.024,53.2506,62.8202,163.408,1.56127,6.36385,5.33491,17.9234,nan,nan,0.076875,0.040;0.980;0.270;0.119,0.02875,5.14916,6.3376,7.5204
H0,jsbsim_milspec,moderate,5,9.07803,7.91974,13.7382,14.0107,10.4722,6.28294,105.618,5.36527,111.043,224.699,1.52798,3.80698,7.5472,24.455,nan,nan,0.105,0.038;1.022;0.286;0.126,0.00625,4.67511,5.98623,7.8802
H0,jsbsim_milspec,severe,0,178.541,74.1939,147.209,456.63,166.053,159.443,234.665,129.683,144.746,336.769,5.68598,22.664,29.3478,72.9076,nan,nan,0.038125,0.109;1.975;0.587;0.218,0.490625,14.3961,18.9771,11.0846
H0,jsbsim_milspec,severe,1,36.7879,28.9996,46.3851,33.4506,24.7475,35.1182,302.801,23.1432,245.473,568.658,4.91278,13.7356,15.8871,39.0783,nan,nan,0.04125,0.117;1.976;0.615;0.292,0.119375,6.13351,14.4948,13.1462
H0,jsbsim_milspec,severe,2,147.409,84.4342,164.964,338.928,974.765,159.414,297.487,113.821,687.173,969.441,4.54295,17.5482,20.1869,58.844,nan,nan,0.03625,0.115;1.745;0.608;0.287,0.28375,14.0058,12.5859,11.0387
H0,jsbsim_milspec,severe,3,30.535,9.30378,48.4397,16.2711,19.5114,18.8384,62.4689,10.2579,257.754,670.265,6.66113,31.0905,18.7173,50.2175,nan,nan,0.035625,0.128;2.018;0.626;0.313,0.209375,22.8316,15.6695,15.7672
H0,jsbsim_milspec,severe,4,181.243,74.2744,169.267,346.417,310.813,384.123,340.182,125.398,221.882,384.728,5.02751,24.5556,12.3517,31.8643,nan,nan,0.039375,0.098;2.050;0.621;0.267,0.158125,12.5309,12.7049,16.2528
H0,jsbsim_milspec,severe,5,27.3405,18.3129,40.9352,38.4382,27.252,18.4563,342.339,20.2022,547.16,949.501,9.95038,49.4975,26.2059,65.2364,nan,nan,0.030625,0.154;2.066;0.698;0.327,0.315,10.843,13.9332,14.1062
H15,dryden_agl,none,0,0.0206383,0.0728211,0.0288737,0.00365758,0.00799776,0.0134918,0.217616,0.160365,0.0173547,0.0701995,0.00944963,0.0245482,0.0067543,0.0164142,nan,nan,1,0.000;0.000;0.000;0.000,0,0,0,0
H15,dryden_agl,none,1,0.0206383,0.0728211,0.0288737,0.00365758,0.00799776,0.0134918,0.217616,0.160365,0.0173547,0.0701995,0.00944963,0.0245482,0.0067543,0.0164142,nan,nan,1,0.000;0.000;0.000;0.000,0,0,0,0
H15,dryden_agl,none,2,0.0206383,0.0728211,0.0288737,0.00365758,0.00799776,0.0134918,0.217616,0.160365,0.0173547,0.0701995,0.00944963,0.0245482,0.0067543,0.0164142,nan,nan,1,0.000;0.000;0.000;0.000,0,0,0,0
H15,dryden_agl,none,3,0.0206383,0.0728211,0.0288737,0.00365758,0.00799776,0.0134918,0.217616,0.160365,0.0173547,0.0701995,0.00944963,0.0245482,0.0067543,0.0164142,nan,nan,1,0.000;0.000;0.000;0.000,0,0,0,0
H15,dryden_agl,none,4,0.0206383,0.0728211,0.0288737,0.00365758,0.00799776,0.0134918,0.217616,0.160365,0.0173547,0.0701995,0.00944963,0.0245482,0.0067543,0.0164142,nan,nan,1,0.000;0.000;0.000;0.000,0,0,0,0
H15,dryden_agl,none,5,0.0206383,0.0728211,0.0288737,0.00365758,0.00799776,0.0134918,0.217616,0.160365,0.0173547,0.0701995,0.00944963,0.0245482,0.0067543,0.0164142,nan,nan,1,0.000;0.000;0.000;0.000,0,0,0,0
H15,dryden_agl,light,0,1.20067,0.318027,4.86362,0.436559,0.138531,1.44346,12.0433,1.85735,1.9057,3.96161,0.434483,1.17536,1.2484,2.99137,nan,nan,1,0.019;0.027;0.016;0.022,0,4.86365,4.87302,2.0555
H15,dryden_agl,light,1,1.02125,0.45048,3.80266,0.584622,0.109544,2.00312,7.36554,6.58985,1.26522,2.60359,0.604239,1.45898,1.18753,3.41697,nan,nan,0.988125,0.021;0.028;0.018;0.024,0,3.61828,4.10548,2.40013
H15,dryden_agl,light,2,2.28345,0.352787,9.73671,0.65546,0.207933,2.09586,35.8069,4.01908,1.39105,2.93555,0.552726,1.46239,0.963264,2.16823,nan,nan,1,0.021;0.028;0.017;0.023,0,3.67543,3.94388,2.42067
H15,dryden_agl,light,3,0.727805,0.330464,2.5485,0.522661,0.0938571,1.29903,12.312,14.8028,0.996527,3.47576,0.526762,1.31573,0.798158,2.71563,nan,nan,1,0.020;0.026;0.017;0.021,0,2.57006,2.68739,2.83297
H15,dryden_agl,light,4,0.341289,0.361006,1.31252,0.366112,0.107113,0.856191,3.97725,3.93961,1.09105,2.48995,0.618594,1.53632,1.33305,3.66252,nan,nan,0.9525,0.021;0.029;0.018;0.024,0,2.48336,3.80962,2.76061
H15,dryden_agl,light,5,1.14979,1.32625,7.25088,0.661482,0.288048,1.67705,17.6912,24.8603,1.14107,2.59511,0.45095,1.38611,1.06269,2.9542,nan,nan,1,0.020;0.027;0.016;0.022,0,3.6727,3.67994,2.18528
H15,dryden_agl,moderate,0,2.33659,0.54696,9.64735,0.8806,0.28622,3.00755,23.5192,3.48824,3.936,8.73252,0.859261,2.29106,2.44357,5.8395,nan,nan,0.703125,0.040;0.052;0.034;0.047,0,9.6409,9.44998,4.07972
H15,dryden_agl,moderate,1,2.07855,0.864615,7.41327,1.16028,0.21164,3.96568,13.9665,12.8333,2.48406,5.23451,1.21211,2.90059,2.48793,7.23069,nan,nan,0.799375,0.047;0.052;0.037;0.058,0,7.2813,8.15633,4.7382
H15,dryden_agl,moderate,2,4.55126,0.839109,19.8682,1.30239,0.50564,4.32203,72.0559,8.87476,2.84174,5.95999,1.08659,2.89735,1.88649,4.34455,nan,nan,0.91125,0.043;0.054;0.035;0.050,0,7.43093,7.68662,4.80189
H15,dryden_agl,moderate,3,1.41317,0.702459,5.14087,1.02798,0.192137,2.61087,25.0724,29.5898,2.01204,7.41083,1.0126,2.48349,1.54918,5.46989,nan,nan,0.898125,0.038;0.050;0.032;0.041,0,4.89397,5.28901,5.64159
H15,dryden_agl,moderate,4,0.722729,0.783681,2.80424,0.785909,0.227856,1.83841,8.03857,8.68589,2.09939,4.87354,1.24595,3.1307,2.87233,7.96661,nan,nan,0.77625,0.046;0.057;0.036;0.053,0,4.96777,7.51258,5.49285
H15,dryden_agl,moderate,5,2.17061,2.8001,15.0811,1.2471,0.611549,3.54663,35.7753,48.8959,2.17983,5.25904,0.869533,2.75921,2.09759,6.62376,nan,nan,0.878125,0.040;0.051;0.032;0.046,0,7.30397,7.06659,4.31548
H15,dryden_agl,severe,0,3.35318,0.760294,14.3996,1.32477,0.445406,4.70102,34.2319,4.91469,6.01117,14.1883,1.32657,3.64168,3.6127,8.4899,nan,nan,0.421875,0.065;0.077;0.053;0.076,0,14.3537,13.6336,6.07794
H15,dryden_agl,severe,1,3.17929,1.28561,10.8919,1.72358,0.322968,5.92864,19.7341,18.5377,3.86667,7.99737,1.8565,4.46059,3.89765,11.4302,nan,nan,0.43625,0.077;0.078;0.057;0.095,0,10.763,12.0345,7.01526
H15,dryden_agl,severe,2,6.8444,1.54753,30.0348,1.94751,0.852467,6.69512,108.441,15.0922,4.3496,9.2444,1.61228,4.24209,2.85138,6.97642,nan,nan,0.466875,0.069;0.078;0.054;0.082,0,11.1963,11.202,7.15047
H15,dryden_agl,severe,3,2.06506,1.07055,7.8138,1.51024,0.285985,3.93189,38.288,44.453,3.0779,11.7938,1.44423,3.68652,2.25966,8.23083,nan,nan,0.793125,0.055;0.074;0.047;0.059,0,7.00631,7.76926,8.28067
H15,dryden_agl,severe,4,1.16392,1.22551,4.47797,1.26381,0.353956,2.9741,12.5511,14.2818,3.08321,7.40134,1.86228,4.76064,4.56839,13.229,nan,nan,0.4875,0.073;0.083;0.056;0.089,0,7.48041,11.1212,8.12749
H15,dryden_agl,severe,5,3.02214,4.31591,23.3153,1.75441,0.958264,5.63912,54.313,71.9076,3.14554,7.98353,1.27015,4.25795,3.11841,10.8139,nan,nan,0.688125,0.061;0.074;0.048;0.072,0,10.7687,10.2122,6.39211
H15,jsbsim_tustin,light,0,42.3259,59.5307,31.2583,327.037,206.205,119.891,286.969,93.7746,161.65,377.77,3.80023,15.397,12.6876,35.5682,nan,nan,0.03,0.055;0.620;0.245;0.150,0.089375,6.17302,16.0442,11.2202
H15,jsbsim_tustin,light,1,32.4493,33.5199,46.0844,16.8128,8.42632,13.5005,377.16,89.6766,367.21,982.243,9.64313,33.8764,29.3621,135.984,nan,nan,0.0575,0.091;0.639;0.289;0.195,0.185625,2.23078,30.9146,12.9815
H15,jsbsim_tustin,light,2,117.148,87.1758,179.592,173.589,168.141,94.5918,293.358,127.108,228.728,562.28,22.9588,93.7508,18.6763,82.4614,nan,nan,0.039375,0.085;0.630;0.298;0.183,0.215,5.97744,17.1762,14.8344
H15,jsbsim_tustin,light,3,18.5062,16.5515,36.0901,6.27116,13.1184,8.78396,85.6721,21.3031,253.95,532.979,6.26321,17.5519,14.767,53.8626,nan,nan,0.025,0.079;0.636;0.268;0.152,0.155625,6.78041,15.153,11.8797
H15,jsbsim_tustin,light,4,127.26,87.7704,177.402,279.098,124.109,117.863,350.307,102.994,429.5,920.212,17.8612,64.5582,41.3547,147.208,nan,nan,0.059375,0.104;0.655;0.308;0.175,0.369375,5.17349,43.0176,20.6013
H15,jsbsim_tustin,light,5,23.4143,27.9366,10.2485,19.1231,11.882,5.69049,280.278,55.3021,114.225,408.018,3.26986,18.1641,32.0613,142.484,nan,nan,0.0625,0.056;0.766;0.282;0.156,0.08625,3.90253,26.1249,6.46859
H15,jsbsim_tustin,moderate,0,124.679,63.448,62.2572,591.633,273.968,103.407,305.829,128.663,553.794,1645.44,46.2893,164.387,31.2466,113.218,nan,nan,0.02625,0.138;0.847;0.459;0.314,0.369375,9.3453,33.4342,29.8093
H15,jsbsim_tustin,moderate,1,177.194,83.9213,174.783,298.096,204.286,192.377,393.639,130.064,1293.89,2222.06,46.5484,113.879,43.8806,120.441,nan,nan,0.0225,0.163;0.953;0.543;0.320,0.46375,4.33281,62.0801,28.6144
H15,jsbsim_tustin,moderate,2,170.779,76.9119,178.466,342.341,209.076,165.54,282.148,127.271,413.177,775.552,25.0726,94.1504,23.4003,72.3439,nan,nan,0.03625,0.127;0.835;0.487;0.295,0.295625,7.41428,25.4888,13.5013
H15,jsbsim_tustin,moderate,3,36.4432,46.5901,60.1012,10.0052,28.7046,13.9111,79.188,68.7278,557.054,947.473,22.5411,93.3365,49.1516,167.16,nan,nan,0.01625,0.122;0.881;0.463;0.264,0.37125,9.32999,68.2853,16.2462
H15,jsbsim_tustin,moderate,4,119.33,61.5871,74.3052,376.451,192.539,127.029,399.584,127.495,4730.4,7694.03,2827.1,4096.52,65.0993,179.71,nan,nan,0.053125,0.561;5.965;2.513;2.698,0.50125,7.62157,133.763,122.965
H15,jsbsim_tustin,moderate,5,102.885,57.6992,101.046,159.951,96.4436,100.941,290.391,94.0503,368.436,746.056,10.0784,33.3,33.2027,126.033,nan,nan,0.045,0.113;0.886;0.439;0.258,0.22625,6.122,38.0357,12.2654
H15,jsbsim_tustin,severe,0,148.165,53.8213,179.864,356.485,127.503,128.165,71.8661,124.341,2091.05,3249.23,50.1422,95.8007,59.1835,165.263,nan,nan,0.0125,0.283;1.519;1.111;0.597,0.654375,18.574,63.7267,40.5189
H15,jsbsim_tustin,severe,1,179.912,88.4373,174.364,2.0057e+56,6.53171e+54,2.12808e+54,2.99923e+07,3.71943e+17,nan,nan,nan,nan,nan,nan,nan,nan,0.01375,nan;nan;nan;nan,0.170625,nan,nan,nan
H15,jsbsim_tustin,severe,2,113.139,72.7757,153.669,71.2889,195.367,157.042,365.027,132.783,2589.26,4708.68,462.545,920.502,40.4111,175.742,nan,nan,0.031875,0.391;1.904;1.508;1.642,0.660625,17.6574,91.0021,43.8437
H15,jsbsim_tustin,severe,3,130.648,71.5642,120.712,279.774,117.247,57.5918,133.132,129.748,826.474,1594.25,51.1248,138.008,60.6496,164.194,nan,nan,0.01125,0.499;2.145;1.234;0.932,0.59,17.9213,65.3076,30.5338
H15,jsbsim_tustin,severe,4,117.978,62.3403,174.149,511.129,164.825,909.225,705.28,211.125,2387.76,3689.18,66.9137,154.643,75.2651,179.924,nan,nan,0.015625,0.829;2.772;2.478;3.119,0.77125,14.1074,68.2374,59.2523
H15,jsbsim_tustin,severe,5,172.466,66.0312,176.064,414.319,413.318,450.421,268.085,133.647,1172.86,2269.72,62.9856,137.329,73.9921,179.839,nan,nan,0.03,0.769;2.773;1.938;2.667,0.774375,14.2794,64.2316,59.7041
H15,jsbsim_milspec,light,0,154.075,87.4713,115.215,146.492,224.052,101.741,262.354,94.7639,28.0446,78.4676,1.30671,5.0903,5.63183,17.5509,nan,nan,0.063125,0.031;0.837;0.225;0.118,0,5.80628,7.50405,3.76477
H15,jsbsim_milspec,light,1,32.0343,23.8581,93.1952,13.9717,9.96613,24.3156,397.6,70.4322,45.4672,127.37,1.33835,4.36924,6.99183,18.1967,nan,nan,0.0725,0.036;0.811;0.251;0.122,0,2.16032,4.24748,5.29378
H15,jsbsim_milspec,light,2,173.861,89.0379,155.626,70.6897,4989.22,261.039,287.399,101.141,54.064,166.769,1.32832,3.95391,6.66727,17.0772,nan,nan,0.03875,0.032;0.814;0.244;0.121,0,5.02765,4.88335,4.01165
H15,jsbsim_milspec,light,3,12.3461,5.50112,11.204,6.10469,7.49741,7.83548,74.9333,18.0325,48.6379,120.059,1.37286,3.93496,5.35061,11.997,nan,nan,0.033125,0.031;0.754;0.220;0.109,0.0025,7.85357,5.67518,4.7548
H15,jsbsim_milspec,light,4,164.736,79.0264,110.554,313.647,176.101,139.348,329.957,94.2719,36.0776,96.377,1.28635,4.65969,4.9111,13.1229,nan,nan,0.075,0.034;0.807;0.240;0.113,0,3.9578,4.29565,6.1838
H15,jsbsim_milspec,light,5,23.7336,12.5607,85.2159,13.0349,14.3438,21.9376,317.373,16.9414,61.6674,199.126,1.6211,5.55803,7.85989,22.6948,nan,nan,0.034375,0.043;0.878;0.261;0.131,0.000625,3.68752,5.14849,5.53701
H15,jsbsim_milspec,moderate,0,142.09,84.0877,179.85,204.339,277.727,192.345,264.426,126.752,34.9833,98.4354,1.91411,6.895,7.26393,22.7699,nan,nan,0.035625,0.047;1.155;0.314;0.171,0,8.141,10.1856,5.3995
H15,jsbsim_milspec,moderate,1,158.471,84.669,149.536,120.818,1036.67,821.247,465.832,94.9907,84.6628,189.981,2.09726,5.90771,8.79642,24.3046,nan,nan,0.036875,0.054;1.140;0.331;0.171,0.000625,3.15902,6.77468,7.99677
H15,jsbsim_milspec,moderate,2,127.738,88.2054,179.566,235.574,190.245,214.633,291.084,128.084,166.577,434.832,2.55669,8.73765,11.4452,37.9912,nan,nan,0.035625,0.060;1.219;0.339;0.186,0.03875,6.80787,6.9587,6.41106
H15,jsbsim_milspec,moderate,3,17.8801,6.7892,16.1888,8.2569,10.7574,11.0741,105.129,25.6201,69.2562,195.862,2.30678,9.12959,6.6619,23.1085,nan,nan,0.02625,0.048;1.027;0.273;0.147,0.0225,9.45256,8.37181,6.2026
H15,jsbsim_milspec,moderate,4,182.513,87.1858,154.915,340.949,179.993,130.261,351.427,131.138,89.5804,234.798,2.36077,8.21502,7.23643,24.1372,nan,nan,0.045625,0.055;1.067;0.341;0.165,0.0025,6.30429,6.47385,9.77981
H15,jsbsim_milspec,moderate,5,33.3431,20.0237,97.9429,18.3455,20.7879,31.584,437.845,58.9734,108.475,283.706,2.69417,8.32606,9.85012,25.2672,nan,nan,0.029375,0.067;1.241;0.355;0.186,0.010625,5.45492,7.07209,7.73944
H15,jsbsim_milspec,severe,0,177.331,84.2059,174.434,34.0369,176.877,37.4036,315.296,134.502,222.08,468.588,3.39405,7.5751,12.9869,36.8925,nan,nan,0.011875,0.132;1.911;0.699;0.375,0.07,16.4461,17.6785,10.7596
H15,jsbsim_milspec,severe,1,136.604,75.5546,96.7173,1.32825e+50,1.31954e+49,1.43054e+48,3.59609e+07,2.16851e+14,216.951,512.546,4.12922,22.0772,13.8335,43.745,nan,nan,0.015,0.105;2.168;0.598;0.333,0.16125,nan,nan,nan
H15,jsbsim_milspec,severe,2,178.258,76.5379,178.304,2079.27,2725.64,5362.04,595.465,253.513,1010.75,1481.66,8.94159,33.3426,20.7924,75.5529,nan,nan,0.03,0.146;2.195;0.627;0.361,0.214375,15.5239,14.6998,14.5484
H15,jsbsim_milspec,severe,3,35.2993,13.2365,33.9397,17.1905,30.256,21.6884,209.353,52.9938,258.624,555.971,4.75983,15.9241,10.931,27.607,nan,nan,0.014375,0.101;2.222;0.584;0.316,0.13875,18.581,15.6413,13.2651
H15,jsbsim_milspec,severe,4,175.144,88.4399,101.161,455.237,220.891,113.068,360.379,131.586,360.504,663.859,5.00322,19.7551,15.0317,52.3889,nan,nan,0.015625,0.128;2.048;0.662;0.344,0.195625,12.8547,11.0295,17.0275
H15,jsbsim_milspec,severe,5,153.588,84.745,143.946,120.178,228.575,166.019,389.569,127.427,398.355,710.581,8.98749,33.4585,13.3585,37.3937,nan,nan,0.0125,0.157;1.998;0.733;0.387,0.21625,12.3853,14.4403,14.4591
F60,dryden_agl,none,0,0.21968,0.0974341,0.358649,0.0238591,0.0141085,0.0679719,1.87466,0.593361,4.73802,7.79473,0.012701,0.0372734,0.0284905,0.153585,0.024457,0.111186,1,0.000;0.000;0.000;0.000,0,0,0,0
F60,dryden_agl,none,1,0.21968,0.0974341,0.358649,0.0238591,0.0141085,0.0679719,1.87466,0.593361,4.73802,7.79473,0.012701,0.0372734,0.0284905,0.153585,0.024457,0.111186,1,0.000;0.000;0.000;0.000,0,0,0,0
F60,dryden_agl,none,2,0.21968,0.0974341,0.358649,0.0238591,0.0141085,0.0679719,1.87466,0.593361,4.73802,7.79473,0.012701,0.0372734,0.0284905,0.153585,0.024457,0.111186,1,0.000;0.000;0.000;0.000,0,0,0,0
F60,dryden_agl,none,3,0.21968,0.0974341,0.358649,0.0238591,0.0141085,0.0679719,1.87466,0.593361,4.73802,7.79473,0.012701,0.0372734,0.0284905,0.153585,0.024457,0.111186,1,0.000;0.000;0.000;0.000,0,0,0,0
F60,dryden_agl,none,4,0.21968,0.0974341,0.358649,0.0238591,0.0141085,0.0679719,1.87466,0.593361,4.73802,7.79473,0.012701,0.0372734,0.0284905,0.153585,0.024457,0.111186,1,0.000;0.000;0.000;0.000,0,0,0,0
F60,dryden_agl,none,5,0.21968,0.0974341,0.358649,0.0238591,0.0141085,0.0679719,1.87466,0.593361,4.73802,7.79473,0.012701,0.0372734,0.0284905,0.153585,0.024457,0.111186,1,0.000;0.000;0.000;0.000,0,0,0,0
F60,dryden_agl,light,0,0.413791,0.146978,2.65738,0.384409,0.109437,1.9452,1.21125,2.70656,53.4969,97.1688,1.07561,2.60686,1.29953,2.69933,2.96685,8.99722,0.416875,0.033;0.081;0.269;0.037,0,4.17903,3.89563,2.13836
F60,dryden_agl,light,1,0.246529,0.28007,2.99545,0.366518,0.119246,1.99301,2.52531,4.90751,71.7978,118.987,1.40616,3.80302,1.29875,3.71516,3.55347,10.4293,0.4025,0.033;0.080;0.265;0.037,0,3.20626,3.46433,2.42479
F60,dryden_agl,light,2,0.299677,0.30933,4.33666,0.353353,0.179722,3.22713,10.5642,5.95565,35.4379,88.9032,1.55503,4.13747,1.30925,3.70278,4.44507,11.8562,0.2975,0.035;0.081;0.266;0.037,0,3.42247,3.51704,2.47237
F60,dryden_agl,light,3,0.399312,0.130975,1.93468,0.327257,0.176192,1.64126,3.22591,14.8217,23.9542,65.379,1.37495,3.94175,1.52684,4.10221,3.63572,12.4576,0.27,0.037;0.079;0.269;0.037,0,2.71346,2.82505,2.74305
F60,dryden_agl,light,4,0.328131,0.371483,1.15278,0.350889,0.131224,1.78153,1.89585,4.50588,44.647,95.763,1.09023,3.0304,1.23798,3.36528,2.75089,8.73164,0.53625,0.035;0.079;0.261;0.037,0,2.48512,3.30282,2.77138
F60,dryden_agl,light,5,0.872913,0.902352,2.38223,0.48725,0.226194,2.05614,5.92348,16.8923,39.2698,84.3984,1.0814,2.33168,0.87635,2.14004,2.42674,7.46647,0.59625,0.035;0.082;0.269;0.038,0,3.372,3.02684,2.24108
F60,dryden_agl,moderate,0,0.58684,0.216404,5.73658,0.787843,0.219505,3.8428,2.89967,4.951,112.152,213.412,2.22455,5.68614,2.63687,5.70243,6.10324,17.934,0.09375,0.066;0.162;0.540;0.075,0,8.37847,7.82349,4.26828
F60,dryden_agl,moderate,1,0.742497,0.438467,5.50747,0.710509,0.239372,3.94668,4.07995,9.30385,138.101,228.581,2.83129,7.51952,2.59885,7.5258,7.15556,21.3313,0.17,0.066;0.160;0.532;0.075,0,6.37809,6.96417,4.85796
F60,dryden_agl,moderate,2,0.826888,0.569478,8.54136,0.717868,0.344101,6.46021,20.2691,12.2588,74.5739,192.022,3.11563,8.46959,2.63541,7.60491,8.92904,24.6502,0.083125,0.070;0.161;0.532;0.073,0,6.84392,7.07654,4.94568
F60,dryden_agl,moderate,3,0.590295,0.339805,3.81014,0.635462,0.35723,3.29295,5.00236,30.2989,42.438,121.861,2.77608,7.89412,2.97631,8.09577,7.3578,25.5944,0.0775,0.074;0.158;0.539;0.075,0,5.40646,5.66986,5.46176
F60,dryden_agl,moderate,4,0.438635,0.84821,2.18062,0.719106,0.276915,3.55057,2.38354,8.84237,87.5472,193.534,2.18773,6.13878,2.46552,6.91667,5.46192,17.227,0.181875,0.069;0.159;0.523;0.074,0,4.95412,6.61403,5.53141
F60,dryden_agl,moderate,5,1.54749,1.84184,4.96857,0.979716,0.470606,4.06005,13.5089,34.1769,78.083,164.924,2.16009,4.66798,1.72787,4.32861,4.84796,15.0993,0.236875,0.071;0.164;0.538;0.077,0,6.75883,6.04008,4.48106
F60,dryden_agl,severe,0,0.732444,0.353926,8.89324,1.18547,0.341108,5.73583,4.15678,7.10781,175.464,346.913,3.45108,9.29153,4.08154,9.0867,9.4637,26.6005,0.028125,0.099;0.242;0.808;0.113,0,12.5907,11.7994,6.38871
F60,dryden_agl,severe,1,1.3044,0.577011,7.89776,1.05376,0.350419,5.84685,6.10183,13.6868,202.619,334.441,4.2831,11.2911,3.97637,11.4565,11.2834,34.0816,0.09625,0.099;0.230;0.788;0.114,0,9.51165,10.4961,7.29694
F60,dryden_agl,severe,2,1.39257,0.953068,12.7852,1.06806,0.502762,9.71919,30.4048,18.496,118.467,311.678,4.60576,11.9756,3.99574,11.7749,13.9696,39.5604,0.03375,0.104;0.226;0.787;0.111,0,10.2331,10.6808,7.40651
F60,dryden_agl,severe,3,0.738127,0.542382,5.68018,0.94646,0.530239,4.96573,7.47194,45.7902,60.5569,176.169,4.2669,11.1819,4.45022,11.9834,11.5511,40.0596,0.033125,0.112;0.230;0.802;0.114,0,8.08929,8.52716,8.14863
F60,dryden_agl,severe,4,0.675532,1.2448,3.18193,1.08063,0.420176,5.33904,3.57171,13.111,129.14,287.843,3.33571,9.41989,3.69998,10.7186,8.19178,25.4171,0.066875,0.104;0.238;0.781;0.112,0,7.4101,9.92994,8.27596
F60,dryden_agl,severe,5,2.21608,2.71933,7.56837,1.49578,0.719431,6.14958,21.2121,51.3267,116.421,245.292,3.25868,7.16574,2.56576,6.54617,7.28021,22.8606,0.109375,0.106;0.246;0.806;0.116,0,10.1638,9.03849,6.71843
F60,jsbsim_tustin,light,0,36.7552,17.4995,35.5378,16.6601,10.4396,9.26339,236.031,93.5747,1238.93,2018.53,5.1591,13.0826,4.04064,10.7491,9.12341,21.2966,0.0725,0.066;0.432;0.448;0.107,0,7.87902,11.6091,6.9769
F60,jsbsim_tustin,light,1,23.8017,10.8544,28.9293,14.2039,10.1239,9.00058,320.91,71.4907,394.822,995.009,3.40487,7.82918,2.84889,9.18491,6.40934,19.5023,0.180625,0.061;0.437;0.465;0.107,0,3.40647,8.46809,5.9792
F60,jsbsim_tustin,light,2,27.9008,10.8065,39.1551,23.4252,13.5707,11.2968,316.174,96.9328,363.053,948.553,6.73858,15.7876,5.49848,16.6893,14.4317,36.4012,0.05375,0.069;0.416;0.458;0.111,0,7.24123,11.0597,8.51121
F60,jsbsim_tustin,light,3,11.0413,5.19628,7.58269,13.3483,6.79234,5.37382,67.5225,8.34114,402.872,756.576,3.46356,7.11608,3.64165,9.58896,7.32788,20.8128,0.07875,0.059;0.418;0.446;0.103,0,6.58711,8.30348,5.93407
F60,jsbsim_tustin,light,4,38.5171,20.3685,37.0964,14.7453,9.72154,9.49244,331.762,129.978,170.696,315.254,6.32773,11.7336,4.05037,10.0372,13.506,27.389,0.094375,0.069;0.413;0.442;0.102,0,6.11599,9.86077,7.24205
F60,jsbsim_tustin,light,5,15.6069,5.19343,21.9774,13.7227,10.3236,5.45773,227.434,19.6917,501.588,797.486,3.57211,8.09944,3.33017,7.74086,5.99791,16.0067,0.118125,0.060;0.425;0.467;0.107,0,5.15022,17.0643,7.16938
F60,jsbsim_tustin,moderate,0,53.3509,25.1685,39.689,23.6054,12.7053,11.3801,303.428,169.26,2131.98,3436.03,12.37,39.9785,5.2133,12.2194,22.1972,60.9834,0.036875,0.102;0.605;0.639;0.158,0.054375,10.9264,19.0239,11.3877
F60,jsbsim_tustin,moderate,1,35.0967,16.4774,36.9814,20.092,17.0239,11.6894,440.129,128.791,837.219,2020.26,4.23904,11.7704,3.78684,11.8506,8.75503,23.7937,0.095625,0.087;0.613;0.656;0.153,0,4.84564,15.2756,7.24975
F60,jsbsim_tustin,moderate,2,39.4829,15.8805,46.4899,32.9003,24.2342,13.9777,419.808,168.515,411.572,1077.33,11.6986,31.6831,6.33516,19.0106,22.9899,46.6819,0.01625,0.101;0.590;0.652;0.163,0.095625,10.3131,22.5109,11.3979
F60,jsbsim_tustin,moderate,3,15.2471,7.67688,10.9602,18.7816,10.551,7.67227,92.5986,8.54256,641.145,1456.73,4.63811,9.08279,4.51272,11.969,9.97395,22.5452,0.04375,0.083;0.585;0.621;0.145,0,9.32647,21.7377,7.24042
F60,jsbsim_tustin,moderate,4,59.0281,27.7069,42.092,20.7832,13.4596,12.0468,448.778,210.34,336.804,616.389,18.18,73.0801,5.46604,14.9592,28.7388,53.9484,0.05125,0.108;0.597;0.649;0.160,0.145,8.74099,18.3337,12.3522
F60,jsbsim_tustin,moderate,5,21.7024,7.56326,27.165,19.3111,15.2466,7.1717,317.978,40.6761,1052.19,1729.74,10.0491,19.1596,6.68215,13.4513,22.9002,51.5881,0.025,0.104;0.593;0.669;0.165,0.00375,7.43489,38.8664,10.9531
F60,jsbsim_tustin,severe,0,117.277,65.0508,87.9672,106.84,140.479,265.742,408.124,336.391,7360.98,13806.4,10.9089,57.9247,7.35569,18.0835,25.8663,86.0463,0.01375,0.175;1.171;1.181;0.335,0.075,22.4177,61.563,20.6571
F60,jsbsim_tustin,severe,1,147.016,44.9732,98.431,1.94933e+13,5.07999e+12,8.66896e+12,295615,186293,2678.15,6428.19,7.42347,17.7302,7.5596,20.9928,22.3498,66.4521,0.025625,0.180;1.181;1.208;0.330,0.003125,nan,nan,nan
F60,jsbsim_tustin,severe,2,92.3325,37.7245,132.639,5.40565e+54,2.13577e+53,5.82685e+52,1.42384e+07,2.88597e+16,4867.26,9024.46,39.2799,158.854,9.46852,41.9422,34.1707,94.81,0.025,0.191;1.177;1.253;0.368,0.200625,nan,nan,nan
F60,jsbsim_tustin,severe,3,27.1552,14.0585,21.0544,36.5592,27.1903,15.8414,164.953,16.2227,3569.38,6842.29,10.2789,31.6747,7.78901,24.0386,22.0551,71.6686,0.0125,0.177;1.176;1.125;0.310,0.0725,19.1217,171.278,16.983
F60,jsbsim_tustin,severe,4,178.013,56.4265,158.141,79.5612,37.0468,221.025,569.397,333.473,2551.14,4063.68,5.21554,11.2566,5.92617,14.7183,16.696,42.9044,0.040625,0.164;1.131;1.178;0.290,0.0175,16.9181,103.886,19.1668
F60,jsbsim_tustin,severe,5,42.8977,38.8848,78.4629,38.3319,36.2639,28.2395,534.277,176.771,5039.06,7156.85,11.0935,27.9173,8.67388,22.6325,25.3835,67.0985,0.00875,0.180;1.179;1.220;0.335,0.063125,15.8343,85.0818,17.6456
F60,jsbsim_milspec,light,0,32.4698,22.4913,34.2226,15.739,13.3026,9.78706,232.878,93.8751,478.67,874.196,4.17483,9.4674,4.02057,13.2422,8.09385,20.7854,0.085,0.072;0.507;0.491;0.124,0,7.8398,7.44035,5.38207
F60,jsbsim_milspec,light,1,23.2417,13.0566,30.0665,14.2075,10.2286,9.76891,316.244,78.4661,111.714,248.215,2.42758,6.87309,2.768,8.34071,5.39419,18.7359,0.14875,0.070;0.513;0.520;0.126,0,3.39952,5.93634,5.77713
F60,jsbsim_milspec,light,2,27.0671,14.492,42.3495,23.7538,13.6099,12.6405,303.281,116.36,199.58,355.265,4.0996,10.3182,5.32248,13.9946,8.76257,19.7775,0.040625,0.071;0.492;0.503;0.127,0,7.22142,6.00677,6.25098
F60,jsbsim_milspec,light,3,11.2085,3.64469,6.02934,13.322,7.61605,5.92981,71.1671,11.9243,350.975,550.387,2.91483,6.18456,5.1571,12.7593,6.57564,13.9402,0.07375,0.069;0.491;0.495;0.121,0,6.51403,6.69475,6.53386
F60,jsbsim_milspec,light,4,35.2874,25.1032,38.8145,14.9665,11.4585,10.7649,317.879,149.631,360.236,749.092,4.61738,9.82311,4.00018,10.7126,10.1332,22.6855,0.085625,0.072;0.488;0.488;0.117,0,6.07657,5.32626,7.05306
F60,jsbsim_milspec,light,5,15.3906,6.18556,24.6635,13.8607,11.7321,5.77249,223.693,20.9491,262.558,379.138,2.21065,4.96897,3.2947,7.20529,4.46208,11.8303,0.11625,0.069;0.494;0.515;0.126,0,5.24659,5.51011,5.93203
F60,jsbsim_milspec,moderate,0,42.2051,35.0185,35.9679,20.0624,18.5209,12.3176,287.842,176.819,683.696,1240.67,6.06242,13.896,6.25231,20.5824,12.1285,29.4844,0.036875,0.105;0.708;0.681;0.177,0,11.0177,10.5812,7.5846
F60,jsbsim_milspec,moderate,1,31.4296,20.9204,36.843,20.1182,15.2613,13.0329,421.457,155.001,162.691,361.681,3.51537,9.55533,3.97011,11.7089,7.59011,26.3336,0.079375,0.099;0.719;0.728;0.178,0,4.78125,8.38338,8.12498
F60,jsbsim_milspec,moderate,2,37.6295,23.1491,49.1131,33.3975,21.7321,16.2127,376.139,218.886,287.894,515.099,6.38021,14.6678,8.59175,22.9602,14.4159,29.4678,0.01625,0.103;0.688;0.690;0.183,0,10.1682,8.52081,8.84145
F60,jsbsim_milspec,moderate,3,15.4523,5.07418,7.98863,18.9255,12.0015,8.479,99.2393,16.2985,507.699,792.076,4.42648,10.733,7.94416,20.3598,9.64346,22.6644,0.045625,0.100;0.689;0.665;0.174,0,9.16889,9.39607,9.26023
F60,jsbsim_milspec,moderate,4,48.8182,39.7921,40.1991,21.0975,15.9306,13.1657,394.752,266.322,597.738,1297.96,7.89668,14.6918,6.54178,16.655,19.8064,38.4074,0.04375,0.110;0.674;0.670;0.172,0,8.59112,7.52718,9.99941
F60,jsbsim_milspec,moderate,5,21.1569,9.60525,31.9665,19.4747,16.9,8.38599,308.354,49.2583,366.748,528.426,3.09305,7.08502,4.69377,10.2649,6.2659,17.0937,0.069375,0.098;0.696;0.720;0.181,0,7.42761,7.76094,8.33452
F60,jsbsim_milspec,severe,0,165.404,74.5159,178.955,107.435,240.22,388.61,245.53,300.21,1371.73,2460.7,16.3971,69.005,10.4727,33.7341,25.8215,58.2719,0.004375,0.197;1.337;1.197;0.371,0.063125,21.2024,21.1206,14.8387
F60,jsbsim_milspec,severe,1,116.764,67.4724,179.712,211.988,88.5273,174.072,403.675,301.509,383.815,885.058,29.5351,91.6838,8.94767,29.4733,16.544,62.3931,0.013125,0.187;1.367;1.341;0.375,0.0925,9.32224,16.8508,16.0931
F60,jsbsim_milspec,severe,2,175.254,84.9967,175.494,533.783,191.408,837.111,391.156,294.871,1022.3,1584.28,52.3455,178.689,14.6741,37.9999,28.2718,65.2459,0.008125,0.184;1.326;1.265;0.390,0.183125,20.3052,17.1052,17.8306
F60,jsbsim_milspec,severe,3,28.7207,10.8328,13.9384,37.7497,30.0021,17.0414,186.226,41.2661,1187.67,1965.28,22.8138,87.9234,16.9822,39.228,21.7226,56.6222,0.008125,0.191;1.286;1.109;0.366,0.1225,17.6601,18.3614,18.3884
F60,jsbsim_milspec,severe,4,81.6273,70.1254,134.832,5.42487e+59,1.61235e+59,1.30616e+58,3.56967e+07,2.04704e+19,1672.3,3297.46,110.722,294.739,13.2299,38.4004,32.3736,84.6844,0.016875,0.220;1.333;1.265;0.421,0.195625,nan,nan,nan
F60,jsbsim_milspec,severe,5,39.7732,23.5339,46.5763,37.9668,31.1028,14.888,527.846,210.551,699.911,1059.51,6.66543,18.3405,8.89233,19.9344,11.7454,33.6329,0.020625,0.183;1.340;1.321;0.384,0.084375,15.096,15.364,16.3449
