h_agl,fuel_tank,u_kt,v_kt,converged,settle_s,ctrl_std,c0,c1,c2,c3,theta,phi,psi_gauge,rpm,p_rotor_hp,weight,cg_x,u_air,v_air,rot_coll,rot_lon,rot_lat,rot_tail
300.0,0.0,-20.0,0.0,True,121.20000000000263,7.496423464652035e-05,0.547690619322425,-0.2174742176889854,0.22080404153044872,0.30512311966151506,-0.007796995436810017,-0.04371499782321887,37.763366723853075,323.59017053222016,704.1024789302577,8500.0,172.0,-33.756688593931706,0.0013042840766744625,0.26049257804771153,-0.02009552676618367,-0.0013661884056979812,0.12424218937293516
300.0,0.0,-10.0,0.0,True,128.7000000000015,7.823870064445985e-05,0.590064750501373,-0.19505254800746707,0.20988670235475512,0.3845629475969078,-0.010896113022559675,-0.04816267728490333,42.679330747875404,323.5900086766166,785.5170140662736,8500.0,172.0,-16.878394461231625,0.0010891124061299707,0.2698149179488457,-0.015962090365252028,-0.0030239901008993035,0.1446014740399411
300.0,0.0,0.0,0.0,True,131.55000000000106,0.00010288976289581791,0.6054858998503921,-0.1511797386956313,0.19324652097125644,0.41225893749216586,-0.007104179567295652,-0.04977145195879528,44.44089962108562,323.588771954996,814.9390799616674,8500.0,172.0,-0.0014949648582735123,-0.0013901694383901392,0.27320747767380504,-0.007879976270839164,-0.004471874752823889,0.1517933268047038
300.0,0.0,5.0,0.0,True,130.5750000000012,7.905546646888454e-05,0.6017752458423068,-0.1284779170503421,0.1827520473557085,0.4056895055589882,-0.003926924434826001,-0.04932415798652283,44.02248973995556,323.5905194210056,807.9421857046357,8500.0,172.0,8.439089064176994,0.0006745887066848825,0.27239123394583487,-0.0036882668005896457,-0.0050860855066422895,0.15007888999254831
300.0,0.0,10.0,0.0,True,128.55000000000152,7.817623806436947e-05,0.5895821262407516,-0.10659098366040132,0.1709032638250614,0.3848138123871914,-0.002413469672285637,-0.04790298521143878,42.6224552948247,323.59022523663754,784.663391726185,8500.0,172.0,16.878249749542423,0.0005589039366971638,0.2697087400721384,0.00034685081696477713,-0.005605779162785862,0.14457759575954757
300.0,0.0,15.0,0.0,True,125.25000000000202,7.676347838402865e-05,0.5705080301100104,-0.08499032977620888,0.1580744595648026,0.3506545867148729,-0.000999049240016945,-0.04565637004596187,40.418124987506005,323.59001874452343,748.1094602508307,8500.0,172.0,25.317407256341696,0.0004546752339001023,0.2655124267806081,0.0043291847687933465,-0.006039260852663204,0.1357012548255529
300.0,0.0,20.0,0.0,True,120.97500000000267,7.498113144423902e-05,0.5471805974405692,-0.06363840874367022,0.144806410361221,0.3057575582370895,0.00017317529389864812,-0.04285542878058336,37.70245989883419,323.5904272763612,703.2185781814532,8500.0,172.0,33.75656177751501,0.00036018219923895434,0.2603803762593733,0.008265652857187052,-0.006408377738365623,0.12428385843325862
300.0,0.0,25.0,0.0,True,115.95000000000341,7.331704809667058e-05,0.5228636435398946,-0.04295048490627899,0.13167079773711168,0.2550082202272444,0.0009201115323857343,-0.039856969505032924,34.84307693282323,323.5902386223717,656.151066513293,8500.0,172.0,42.19586483491737,0.0003165194172191119,0.2550306320209049,0.012079688397493876,-0.0067469178999294745,0.11167153523011686
300.0,0.0,30.0,0.0,True,110.3250000000032,7.12616176050621e-05,0.4980368503370987,-0.030188435575942384,0.11887753506552286,0.20380970164316312,-0.0013086103898839365,-0.036805834669080655,31.943535162957563,323.5901659269915,608.8794013852172,8500.0,172.0,50.63532436441464,0.00026682133424789573,0.24956872096727317,0.01443240575442018,-0.007051477656526391,0.09890544741192298
300.0,0.0,35.0,0.0,True,104.62500000000298,7.363957781411375e-05,0.4759202885148718,-0.020025881651240758,0.10687212995088018,0.15864565072218634,-0.004841937599211091,-0.034081267803200394,29.389249494732418,323.5885169727478,567.5982894639985,8500.0,172.0,59.07559616125826,0.0002534020107032499,0.24470309319300676,0.01630698417274203,-0.007363253340712467,0.08761305432125947
300.0,0.0,40.0,0.0,True,98.25000000000274,0.00010642803938708552,0.45122654235603427,-0.011947077947109756,0.09533029926998418,0.12077175928956718,-0.010712773920805337,-0.03140928706772394,26.790478095444808,323.5875125242363,526.2777263815627,8500.0,172.0,67.51646320129595,0.0007074958660627434,0.23927066342637965,0.01779833283167496,-0.007587022488513828,0.07726475164648208
300.0,0.0,50.0,0.0,True,88.87500000000239,0.0001077864632257099,0.4267019832637956,0.004568276252761125,0.07558158959630705,0.07057621107444503,-0.016052428052984825,-0.028196145217685507,24.020153864627538,323.57280566357275,482.2390099795277,8500.0,172.0,84.39952849845338,0.0014712574796626147,0.2338753262705604,0.02084649655471233,-0.008360316101861137,0.06472225991598432
300.0,0.0,60.0,0.0,True,83.47500000000218,0.00017265827162793557,0.4141123933525933,0.017509275590950356,0.058264207374522134,0.039333641328674736,-0.022905190487703737,-0.026263746512288254,22.584110196078264,323.5634291728212,459.4529705527717,8500.0,172.0,101.27854117452668,-0.007567111530865231,0.2311060243284425,0.023238438171151066,-0.009238525208448792,0.05730162411428126
300.0,0.0,70.0,0.0,True,83.9250000000022,0.0003815577562460922,0.41027950589743545,0.044915896083895956,0.042740682840064666,0.01908276821390247,-0.0281041410087223,-0.025646184147936617,22.125903193980797,323.5785071565284,451.9429331540326,8500.0,172.0,118.15081479613025,-0.00882521707098145,0.23026234665532935,0.028283370194729242,-0.010191895714728085,0.05309912525536674
300.0,0.0,80.0,0.0,True,86.77500000000231,0.0008820391741321845,0.41403832151369313,0.07470252981563787,0.028568161339519022,0.004946182709678423,-0.03397298790917362,-0.026129507656900995,22.47601576927929,323.5924422092864,456.81033440680767,8500.0,172.0,135.02668038903923,-0.004595437528211023,0.23108889706118543,0.03377105434982095,-0.011222699425823882,0.0510763380044665
300.0,0.0,90.0,0.0,True,90.52500000000245,0.001519689296382818,0.4249772147005951,0.1077683800065008,0.01551624370743484,-0.006199952801427581,-0.040514421853485326,-0.02750461949545907,23.552002685129686,323.5961529081095,472.62531127043087,8500.0,172.0,151.9059955985751,-0.006260931161315475,0.23349537807693585,0.03986864762545008,-0.012339620179278542,0.050620096768705755
300.0,0.0,100.0,0.0,True,95.70000000000265,0.0023361803263159705,0.44308452681758637,0.14508442513639858,0.0035054460795183014,-0.016891604688684864,-0.047678494335367236,-0.029503524679296976,25.31632418579545,323.5976303267423,498.70222919016953,8500.0,172.0,168.78415231734965,-0.03796266864119825,0.23747894712376222,0.04674939978810354,-0.01355411923991848,0.051281863103300164
300.0,0.0,110.0,0.0,True,111.37500000000324,0.0018203080660152326,0.4685405374446202,0.18760323088578987,-0.009007424989062655,-0.031397377781445704,-0.055448906014455755,-0.02608778387582731,27.7673337623665,323.66269988412506,534.9763251014347,8500.0,172.0,185.66107918860763,-0.16556341838881056,0.2430793311349732,0.054567078752214705,-0.014927221311312388,0.05246061403354787
300.0,0.0,120.0,0.0,True,118.20000000000309,0.0043407995238437,0.5022494618718155,0.23666912842432325,-0.021482977970338497,-0.04361046724930536,-0.06376884690429274,-0.026075626041606553,30.912095400395394,323.6611981231858,581.3710642568343,8500.0,172.0,202.53536190351298,-0.1870146615320485,0.2504951144116641,0.06360208403271275,-0.016473199276768536,0.05514383362907471
300.0,297.0,-20.0,0.0,True,127.42500000000169,7.958962569614908e-05,0.5827533601569648,-0.22130055900729775,0.22741605820697436,0.3267661745609545,-0.007832534207791,-0.04407678698449624,41.72303391172991,323.59044836321635,766.6284411554959,9094.0,172.26127116780296,-33.75670820958101,0.0017399248386542748,0.2682064258946403,-0.02080116063744175,-0.001697116952942846,0.13315266566588835
300.0,297.0,-10.0,0.0,True,134.47500000000062,8.282443687859388e-05,0.6241847261998278,-0.19682958733260264,0.21425942188258817,0.4074241835058868,-0.010834042856163238,-0.048380743060615974,46.8880758137454,323.59035992347674,852.4674624041988,9094.0,172.26127116780296,-16.87840601646427,0.00108890174907114,0.2773213520367276,-0.01628974910675524,-0.0034838515763341233,0.1535957535233196
300.0,297.0,0.0,0.0,True,134.47500000000062,0.0013979731324706144,0.6390054811643939,-0.15100934738974267,0.19619369422939703,0.43522331270352393,-0.007291528380680634,-0.050023903959792546,48.70233566299039,323.5670259007462,882.8233872998123,9094.0,172.26127116780296,0.007206195799381721,-0.020545219979274856,0.28058079918065415,-0.007806427344535788,-0.005026445408948276,0.16072004528826703
300.0,297.0,5.0,0.0,True,136.12500000000037,8.375071429899059e-05,0.6354543875283002,-0.12705509728324044,0.18478444028855262,0.4287466676110608,-0.003891324966419364,-0.04944682670913772,48.278363482162156,323.59011548616706,875.7678856039595,9094.0,172.26127116780296,8.439097131577299,0.0006496546027737592,0.2798006854963465,-0.0034259445353832726,-0.005691880273690717,0.159045399285564
300.0,297.0,10.0,0.0,True,134.32500000000064,8.276964406017274e-05,0.6236850830215233,-0.10397527364943615,0.17254027709643566,0.4077010748576197,-0.0023782571598985483,-0.048064326186293124,46.82568593029943,323.59052019603376,851.5324928754857,9094.0,172.26127116780296,16.878264554756395,0.0005269954338534167,0.2772114300675216,0.0008291139182600288,-0.0062471906614044,0.15357412648833377
300.0,297.0,15.0,0.0,True,131.2500000000011,8.138704693965168e-05,0.6051513838786794,-0.08128779326088592,0.1594627155000254,0.37316656162374534,-0.0009596476479767979,-0.04587499326457031,44.5237815265434,323.59041632652134,813.2292436625271,9094.0,172.26127116780296,25.31742847382849,0.0004181857711679164,0.27313400436257274,0.005011833163625266,-0.0067091035341776736,0.14470750935102727
300.0,297.0,20.0,0.0,True,127.12500000000173,7.979733366537656e-05,0.5822494136154177,-0.058817226315693284,0.14601748426057534,0.32748080824306697,0.00026501502928034254,-0.04312179135915038,41.65814103512242,323.59001283943275,765.6916912511024,9094.0,172.26127116780296,33.756590567359225,0.00032103126470772665,0.2680955572370733,0.009154554630139334,-0.0070993633981589616,0.13320898294343672
300.0,297.0,25.0,0.0,True,122.40000000000245,7.805721668608296e-05,0.5580130437003552,-0.03670878948068687,0.1326934751147591,0.27513233510064705,0.0011611590416442652,-0.04013236526264596,38.59466544300529,323.5902658041467,715.0814706145817,9094.0,172.26127116780296,42.19591478473052,0.00026762374402617485,0.26276354093779014,0.013230503734679436,-0.007452204936958008,0.12032033279824392
300.0,297.0,30.0,0.0,True,117.07500000000326,7.642899136703059e-05,0.5334798335140349,-0.021426171375842167,0.1197221559867527,0.22143083773222955,-0.0003947700225352844,-0.03709067902886638,35.49944577045245,323.5900671498281,664.3738897280061,9094.0,172.26127116780296,50.6354083480699,0.00020424986299693166,0.25736622003600745,0.01604796378245323,-0.007775060921384841,0.10714569187346659
300.0,297.0,35.0,0.0,True,111.75000000000325,7.117885360676687e-05,0.5105051050960159,-0.010412826414603388,0.10738154108071729,0.1724591015982364,-0.003751586890444139,-0.034261900261802036,32.64359841177185,323.5906690695001,618.0454419249397,9094.0,172.26127116780296,59.07503541095825,9.811728864617328e-05,0.2523117422707012,0.01807754129251433,-0.008090294638996723,0.09504530643436784
300.0,297.0,40.0,0.0,True,104.47500000000298,8.940399488759472e-05,0.4871774971447154,-0.000699884524644649,0.09562499956450742,0.1308376526793708,-0.00851447299068969,-0.03163177451198984,29.92030202303681,323.5793746259152,574.4489230007193,9094.0,172.26127116780296,67.51859362153846,0.0005507304400180033,0.24717980980172904,0.019872353367800615,-0.008358935468986365,0.08421635982329898
300.0,297.0,50.0,0.0,True,98.55000000000275,5.0938266576991634e-05,0.45817743258155536,0.01859952849227379,0.07486685574059317,0.07380861218169955,-0.01457407047817133,-0.028043579809840756,26.482328879172343,323.59654397336806,519.8110296230545,9094.0,172.26127116780296,84.39484062980719,0.00013860350184459745,0.2407995086545069,0.023424641610765986,-0.00910187784916992,0.06980365370513458
300.0,297.0,60.0,0.0,True,90.75000000000246,0.0001620519837952347,0.4442502028587937,0.030916074051778715,0.056383134117452195,0.03837557819283065,-0.021533112532097543,-0.025710433930094655,24.71889843717711,323.57161886858324,491.7945456242669,9094.0,172.26127116780296,101.27571437793112,-0.004266191514075962,0.23773597430285895,0.0257010878590766,-0.0100226061012797,0.06144249272919553
300.0,297.0,70.0,0.0,True,87.52500000000234,0.0001623098002002432,0.4393093593727916,0.05805771514853886,0.03982800792405498,0.014952971388708224,-0.026713064269031205,-0.02466451039345751,24.01807561567756,323.56096974736136,480.4267053102718,9094.0,172.26127116780296,118.15559861996913,-0.018064866379403167,0.23664922156791515,0.030708419381299607,-0.011023039470660752,0.05651914468816255
300.0,297.0,80.0,0.0,True,90.30000000000244,0.000572690666950062,0.4419636415401806,0.08903333432242358,0.024596535801877373,-0.0014368808770385464,-0.03224296215845842,-0.02463883150138314,24.1855300372418,323.5795098680863,482.4453564214306,9094.0,172.26127116780296,135.0291867335538,-0.029088131795356166,0.23723270811843467,0.036412748464776844,-0.01210321624212155,0.053942300741182045
300.0,297.0,90.0,0.0,True,93.82500000000258,0.0011149554831867156,0.4517649807961144,0.12305052992428363,0.010428675119000424,-0.014190278339685797,-0.038402606102284575,-0.02542588200030902,25.11894840984207,323.5867922659139,496.04190251571055,9094.0,172.26127116780296,151.90690687838608,-0.04715751241089344,0.2393888378883724,0.04268294584535206,-0.013272466704591219,0.05304353349377555
300.0,297.0,100.0,0.0,True,98.55000000000275,0.0017296383311943763,0.46864462558179343,0.16103680190984931,-0.0028348373858083204,-0.025832314304086203,-0.04516364820633391,-0.026721921206082043,26.77153450779801,323.5899505983763,520.3786787092496,9094.0,172.26127116780296,168.7843931066771,-0.09020732300791687,0.24310226520231507,0.04968489051150654,-0.0145435273674836,0.05336778473509738
300.0,297.0,110.0,0.0,True,111.60000000000325,0.0019999737037345896,0.4927404844599116,0.20388598598072108,-0.016892516448708244,-0.038749390978597996,-0.05252020394313419,-0.024084792987107473,29.13294620246158,323.6430990004698,555.2740300697783,9094.0,172.26127116780296,185.66205574812096,-0.16468086547764565,0.24840337894736297,0.057569580212206664,-0.015981082731964972,0.054602290027017684
300.0,297.0,120.0,0.0,True,118.50000000000304,0.004623389780376383,0.5248510762040992,0.2529051486800426,-0.030765040302473356,-0.05063718256335757,-0.06041185011206498,-0.023585698888703988,32.20669847467104,323.6456739190571,600.554071779134,9094.0,172.26127116780296,202.53605414134256,-0.18594040922709903,0.2554675094262815,0.06659662939074944,-0.01758312762210702,0.05711734900595912
300.0,593.0,-20.0,0.0,True,133.12500000000082,8.44530287552475e-05,0.6172609374089904,-0.22511078999272058,0.23374489862391087,0.3496753253531117,-0.007848858358265251,-0.044478739632930475,45.83191994605649,323.5901766569105,831.7104674539316,9686.0,172.48977906256457,-33.75671996765102,0.0014640774010891504,0.27579813339405185,-0.021503580719534607,-0.0020355845421453776,0.14221091784479728
300.0,593.0,-10.0,0.0,True,139.7999999999998,8.743733096613679e-05,0.6577818585882436,-0.1986071153965304,0.21839988023916623,0.4314662026728907,-0.01077202247966649,-0.04864518813321919,51.235941787151816,323.59032334228255,921.838389491212,9686.0,172.48977906256457,-16.87841800316843,0.001089606673063096,0.2847127608334296,-0.016617498360643558,-0.003947655237232233,0.16272781074376366
300.0,593.0,0.0,0.0,True,139.8749999999998,0.0015249728349400473,0.6719177312981628,-0.15052628861518416,0.1986205618282666,0.4593033482384451,-0.007297166302114383,-0.050439151527583805,53.090553474263324,323.56982972242406,953.001978222845,9686.0,172.48977906256457,0.0026779494653897487,-0.019133035263123176,0.28782113157768724,-0.00773811106413743,-0.005583470689105074,0.1697651426187668
300.0,593.0,5.0,0.0,True,141.37499999999957,8.827199236900884e-05,0.6686439819268415,-0.1256727440629398,0.18664207287782147,0.45298056214147364,-0.0038595688997429536,-0.04962062666201182,52.67136053295543,323.5903532457966,945.9905023338806,9686.0,172.48977906256457,8.439104903691286,0.0006242578601225015,0.2871024351460683,-0.00317108388680179,-0.006298525889070197,0.1681537161194421
300.0,593.0,10.0,0.0,True,139.64999999999984,8.739009637455234e-05,0.6572657713612007,-0.10141526364778437,0.1739899934320152,0.43177375209348234,-0.002347401662549215,-0.04827225235579798,51.16798862814963,323.59043374812444,920.821998757089,9686.0,172.48977906256457,16.87827928098263,0.0004961639350537235,0.28459922123807857,0.0013011069512321837,-0.0068895669016242915,0.16270935085761332
300.0,593.0,15.0,0.0,True,136.80000000000027,8.598788711829335e-05,0.6392367566069442,-0.0776577287058241,0.16064346978891392,0.3968845150977112,-0.0009296747997827705,-0.04613540369294089,48.77225383854326,323.5906341996935,880.8204753268983,9686.0,172.48977906256457,25.317449749624757,0.0003823465327657781,0.2806328259338535,0.005681120489870327,-0.007380468915581783,0.153851051353424
300.0,593.0,20.0,0.0,True,132.90000000000086,8.444616754426572e-05,0.6167574507832653,-0.054088228448694244,0.14700686223689813,0.3504815705094626,0.00033595319670504526,-0.04342918701383978,45.762857316227624,323.59021453534444,830.722987563768,9686.0,172.48977906256457,33.756618586956606,0.0002817264535295946,0.2756873653928291,0.010026460268978323,-0.007792754012141895,0.1422838696302454
300.0,593.0,25.0,0.0,True,128.40000000000154,8.271839392504156e-05,0.5926564946372389,-0.030880965723264275,0.13349801528366437,0.29670544780848385,0.0013104236238228987,-0.04045496683081314,42.50300282740149,323.59048534443815,776.6716561686859,9686.0,172.48977906256457,42.19596034705252,0.00021928793808075747,0.2703851401646995,0.014305003562631471,-0.008160866313558408,0.12915760308524346
300.0,593.0,30.0,0.0,True,123.3750000000023,8.103699750183889e-05,0.5685084590313865,-0.01278967375510352,0.12035943068264351,0.24080740231501335,0.00048269683941243644,-0.0374319510372475,39.2251911726935,323.59035002408535,722.7111602536127,9686.0,172.48977906256457,50.63550511738718,0.00014348677869054153,0.2650725581475538,0.017640327133014094,-0.008503321038585488,0.11564265014595425
300.0,593.0,35.0,0.0,True,118.1250000000031,8.124498052306438e-05,0.544794451834059,-0.0009238421011537768,0.10772272901504362,0.18819810760215358,-0.0027268139174821448,-0.03451566220792267,36.0682919100645,323.5908004257798,671.2966272560303,9686.0,172.48977906256457,59.07546801308454,5.4986399672454086e-05,0.25985547147460814,0.019828074117422927,-0.008821920403599786,0.10278178596434073
300.0,593.0,40.0,0.0,True,113.85000000000333,5.8985890089063746e-05,0.523555583160628,0.010485097075904115,0.09579674195310299,0.143364642608529,-0.00646210008153372,-0.03193067290647476,33.30935345201842,323.5975833530034,626.819272889036,9686.0,172.48977906256457,67.51484284417438,-0.0007370943265067334,0.2551827522068554,0.02192851560398775,-0.009147925973377,0.09167524416946786
300.0,593.0,50.0,0.0,True,105.30000000000301,5.8343513206910413e-05,0.48966023991714724,0.03284605779550348,0.07406000939071246,0.0787134491746407,-0.01321083715246566,-0.02790185813271967,29.098902158081057,323.59963015085157,559.789029574591,9686.0,172.48977906256457,84.39171241887564,-0.0019030688969337503,0.24772574949963094,0.026049490054354522,-0.009847835141632014,0.0751917729272678
300.0,593.0,60.0,0.0,True,97.35000000000271,0.00010602139638641704,0.4743675407081421,0.044753414526309335,0.05464655565665706,0.03898085663131699,-0.0201963974491827,-0.025553325873952815,26.984484560761114,323.57738002576923,526.1719412400789,9686.0,172.48977906256457,101.27852565423619,0.0035383913268969293,0.24436175643038255,0.028252618422200525,-0.010799542410246233,0.06585081408311182
300.0,593.0,70.0,0.0,True,92.25000000000252,0.00018463701629947726,0.46836125327521927,0.0711740541932247,0.0369491655492271,0.012233227426255367,-0.02547835955407841,-0.02390258054359329,26.025912552355756,323.55515490750184,510.7118118932998,9686.0,172.48977906256457,118.15934622131545,-0.01634782024985706,0.2430407123728493,0.033125859571139615,-0.011848570391994915,0.060191134841606674
300.0,593.0,80.0,0.0,True,94.05000000000258,0.0002216550867767838,0.4700687959559261,0.10340144840657173,0.020671860874498994,-0.0065552616997552274,-0.03073372391479811,-0.023355671386791378,26.003434923095494,323.5696666861063,509.7424649021238,9686.0,172.48977906256457,135.03209422432244,-0.039065194042326654,0.24341605357655854,0.0390615262144373,-0.012978635003276617,0.05705741608863043
300.0,593.0,90.0,0.0,True,97.35000000000271,0.000533731754243857,0.47887908201602425,0.13845679381076578,0.00538787517095239,-0.020983867684701056,-0.03656720440320726,-0.02354616024693775,26.786847891768012,323.57988528611133,520.999317655988,9686.0,172.48977906256457,151.90833672308628,-0.06763526654908897,0.24535408289928942,0.04552080860322598,-0.014200562458667274,0.0557250135204709
300.0,593.0,100.0,0.0,True,101.70000000000287,0.0009001235794573011,0.4947059359405044,0.17723658724768865,-0.009093390698107804,-0.0336540410621348,-0.04298027651884786,-0.024171383930565365,28.32162639942876,323.58479638347455,543.4988093444047,9686.0,172.48977906256457,168.78518605148938,-0.11704004327895814,0.2488358464276914,0.05266718537511794,-0.015527791766033111,0.05572220652598039
300.0,593.0,110.0,0.0,True,111.90000000000326,0.0020423434347446407,0.5176570619544657,0.22060344053428976,-0.024233680088623668,-0.045877380064453535,-0.0499660339043073,-0.02249418772107617,30.587594326488055,323.6229800601367,576.898991469796,9686.0,172.48977906256457,185.6632522950709,-0.162862684198199,0.2538850917786875,0.0606526047397802,-0.01701610703561792,0.05688298846176283
300.0,593.0,120.0,0.0,True,118.800000000003,0.004672724861531083,0.5484143993515549,0.2697907670087577,-0.03935314373725289,-0.057737521310805714,-0.05748114619210648,-0.021628764391514392,33.58627481940804,323.6293675322169,620.9956896780898,9686.0,172.48977906256457,202.53705924902093,-0.18574008378568024,0.26065148542108874,0.0697112812527378,-0.01867111945401992,0.059210252980254174
300.0,890.0,-20.0,0.0,True,138.525,8.908352012930623e-05,0.6514798693567077,-0.22893278852355453,0.23982990199344467,0.373924114288147,-0.007850256852119925,-0.04492265366074711,50.11229500523158,323.5903681799426,899.7195435688133,10280.0,172.69260700389103,-33.75674960818593,0.0013434886772479074,0.2833263362911456,-0.022208241035998128,-0.0023840632351542707,0.15146885211341504
300.0,890.0,-10.0,0.0,True,144.22499999999914,9.196887197604409e-05,0.6911202866026388,-0.20039869124103174,0.22234906218574246,0.45678554910670793,-0.010710244037638317,-0.04894506323044852,55.74790258319465,323.5905921218224,994.0444753799086,10280.0,172.69260700389103,-16.878429886162913,0.0010893596808805768,0.2920472539672014,-0.016947837808926676,-0.00441848682395359,0.17205279437179594
300.0,890.0,0.0,0.0,True,72.15000000000175,6.177294306904995e-05,0.7720089252754369,-0.154272319116948,0.21078091794070408,0.5408734391292456,-0.007417463625654356,-0.050927898186615805,59.58579801906476,305.7730741295759,1001.2148379717321,10280.0,172.69260700389103,-6.406101492878935e-05,0.0007558559199967634,0.30984150418442213,-0.00844608608625269,-0.006967330739562255,0.19875335390965912
300.0,890.0,5.0,0.0,True,50.77500000000095,5.0804097006030755e-05,0.7496345091450108,-0.12454362441745655,0.19434057120373036,0.5172503775895907,-0.0043429643124376985,-0.050413868677846904,58.55540462685626,310.5547370502128,999.903203986914,10280.0,172.69260700389103,8.438810240998643,0.0014577055884763582,0.30491915988781687,-0.0029654836917781917,-0.007568219415329054,0.19130124374506302
300.0,890.0,10.0,0.0,True,143.9249999999992,9.196932869283624e-05,0.6905888574975882,-0.0988906693568223,0.17527437813500013,0.4571293044728829,-0.002320719188341347,-0.0485156360360009,55.674330783750726,323.5904833184924,992.9461190993088,10280.0,172.69260700389103,16.878293892162368,0.00046551765434496296,0.2919303395677947,0.0017665703135484989,-0.007537269968367286,0.1720386584194747
300.0,890.0,15.0,0.0,True,141.97499999999948,9.063297161676322e-05,0.6730371008807716,-0.07407051448024486,0.16163971664945023,0.42189851681482893,-0.000907849842892597,-0.046427236220122216,53.18752464600796,323.5905629454529,951.2790193450812,10280.0,172.69260700389103,25.317471094345773,0.00034706190259050707,0.2880689416198057,0.006342506861651109,-0.00805783293839557,0.1631871267535722
300.0,890.0,20.0,0.0,True,138.30000000000004,8.909899007749988e-05,0.650977351177483,-0.049412104769219645,0.14779639478931933,0.37482888028522304,0.0003895936420384665,-0.04376698045779752,50.038997624393225,323.5903016564723,898.6806816232286,10280.0,172.69260700389103,33.75664667797351,0.00024263563237698002,0.2832157834934176,0.010888617127589123,-0.008493094852603468,0.1515599345821695
300.0,890.0,25.0,0.0,True,133.9500000000007,8.748467466650989e-05,0.6270549051298924,-0.025112435428857816,0.13410102567009868,0.3197582173227415,0.001431012605535651,-0.040812543565532405,46.588671946088475,323.59014379785305,841.2601684053841,10280.0,172.69260700389103,42.19600857122873,0.00017132539428212703,0.27795283147724464,0.015368578847633301,-0.008877538156015228,0.13822617461398032
300.0,890.0,30.0,0.0,True,129.22500000000142,8.582847137908876e-05,0.6033710900163726,-0.004219589411522631,0.12079940330140512,0.2619297700715507,0.0013294767123994196,-0.03781527851730104,43.14004835950859,323.59017705397696,784.2099591779022,10280.0,172.69260700389103,50.63558560448921,8.176521301310122e-05,0.2727423778968505,0.019220409038708083,-0.009241047810093921,0.12443013223540071
300.0,890.0,35.0,0.0,True,123.90000000000222,8.400723512379748e-05,0.5790150217965377,0.008417348189755605,0.10789967801363425,0.20584445612791352,-0.0017650263992107858,-0.03482600330062878,39.68125088344345,323.5893750443724,727.650680714306,10280.0,172.69260700389103,59.07565573666595,-2.0941069691768342e-05,0.2673840298957296,0.021550230398798366,-0.009563049364560112,0.11085166436217322
300.0,890.0,40.0,0.0,True,119.32500000000292,0.00010966151078141871,0.5587943864296221,0.021143289501977185,0.09572361663793041,0.15783844336875621,-0.005074949184994069,-0.03225648655057611,36.80060124128958,323.5904610301088,680.8914161402938,10280.0,172.69260700389103,67.51669613299923,0.0005723901302706419,0.26293563624032973,0.023898654527380252,-0.009927038632918193,0.09931918793332677
300.0,890.0,50.0,0.0,True,106.72500000000306,0.0001585675732686708,0.521328932788887,0.04465899383871888,0.07315598805900976,0.08543552287692886,-0.01234484005853102,-0.02794135969662111,31.876143335212067,323.56421268623933,602.2479298458461,10280.0,172.69260700389103,84.40218485686894,0.001455374266822626,0.25469361733163687,0.028243643864102098,-0.010603144794648573,0.08092769172551395
300.0,890.0,60.0,0.0,True,105.82500000000303,7.039731082922322e-05,0.5046355687906814,0.05884222964697176,0.05303249898606589,0.04077136928613279,-0.018946947271245664,-0.02546053695303262,29.400124403204245,323.59923617717124,562.906201101725,10280.0,172.69260700389103,101.27438047327773,0.0017190875344326242,0.25102038668247245,0.030844766869558487,-0.011576029649202941,0.07049765330921305
300.0,890.0,70.0,0.0,True,104.17500000000297,0.00013337080793786576,0.49751653858450523,0.08431897685163288,0.034234878137120395,0.01135330492710898,-0.02440691230083435,-0.023798164714810673,28.169725887839604,323.60760848844905,543.2081539522017,10280.0,172.69260700389103,118.1513259078666,0.006330601498783783,0.24945406723729696,0.03553875706765427,-0.012665171042640167,0.06418699471117592
300.0,890.0,80.0,0.0,True,98.62500000000276,0.00041725998168425153,0.49846429261572167,0.11787483763795334,0.016777666175829497,-0.010327408331658877,-0.029391889361101015,-0.022371141520064513,27.940210173220386,323.5679679383118,538.8765161471487,10280.0,172.69260700389103,135.0350526897445,-0.03273768999932806,0.24966318780761032,0.04172974016351917,-0.01385346300082955,0.060448179226171836
300.0,890.0,90.0,0.0,True,101.10000000000285,0.0004133778519348877,0.5064229521441559,0.15405789212556203,0.0004216335388958391,-0.026534343804044423,-0.034946796643979185,-0.022046875156837654,28.56622565074421,323.57546674205764,547.6606198210524,10280.0,172.69260700389103,151.91034556061132,-0.0683310240694592,0.25141388435695006,0.04839615556380118,-0.015127542691810669,0.058682015509493056
300.0,890.0,100.0,0.0,True,104.925000000003,0.0005588758211781989,0.5213427461007709,0.19374334231550291,-0.01521943765790243,-0.04026235555036247,-0.041055518603178534,-0.02215891855703752,29.97645542033006,323.58046330437594,568.2115520628046,10280.0,172.69260700389103,168.78664842340865,-0.11876069223562932,0.2546960677560225,0.055708543171360855,-0.0165097010000057,0.058364340013913954
300.0,890.0,110.0,0.0,True,112.35000000000328,0.0019857666615614757,0.5433242711644528,0.2377910072584987,-0.03116117004334774,-0.05277768234430928,-0.04770821949878208,-0.021199731290607645,32.141174162690106,323.6028567871784,599.9988990209619,10280.0,172.69260700389103,185.6646291754038,-0.16180025592599823,0.259531949528723,0.0638224553493548,-0.018041700690451863,0.05930991365124851
300.0,890.0,120.0,0.0,True,119.25000000000293,0.004564266574786273,0.5729253800895588,0.28732784262272365,-0.04742913241701018,-0.06479478646184916,-0.05488916456651212,-0.020076624574046284,35.06019836234735,323.6132492587566,642.8376332357736,10280.0,172.69260700389103,202.5383905402294,-0.18524610529281452,0.26604395647250784,0.07294620717646934,-0.019747846259553704,0.061442766660235626
1000.0,0.0,0.0,0.0,True,132.000000000001,8.573995660605769e-05,0.6156151998593689,-0.15120105699094402,0.19632625544677113,0.4189120333474783,-0.007173431749582136,-0.049874761101172095,44.61294381594936,323.5891749221935,817.8665788454812,8500.0,172.0,-0.001524900476720778,-0.0013701647113075614,0.2754359800239775,-0.007883786469308722,-0.004489373004015461,0.15443963220306428
1000.0,0.0,20.0,0.0,True,121.27500000000262,7.64857111358842e-05,0.5577900531962596,-0.06265654462965617,0.14797743523032042,0.31199943576606926,0.00011431061464976817,-0.04306230028146568,37.92044530153923,323.5901535019705,706.7947038063742,8500.0,172.0,33.75656965068117,0.0003733220001149541,0.26271446946512106,0.008446685842795442,-0.006430914930838259,0.12692457857460224
1000.0,0.0,40.0,0.0,True,98.62500000000276,0.00010476387773996482,0.4620440953361505,-0.00912344432649145,0.09832983958333605,0.12344605019419061,-0.010137564471670562,-0.03157944640677986,26.9856118395127,323.5864875239887,529.2407096837575,8500.0,172.0,67.51665603101381,0.0007647673213594025,0.24165052197900386,0.018318758707729796,-0.007625567916366646,0.07929296125669913
1000.0,0.0,60.0,0.0,True,85.27500000000225,0.00010076328456440567,0.4231498959693372,0.0210295084928463,0.060965184159702215,0.03875679237037686,-0.0225706614079791,-0.026161791051727668,22.580656594228525,323.5782787494712,459.28018536165035,8500.0,172.0,101.27173269875195,-0.008900698990368053,0.2330937579801103,0.02387616450088275,-0.009256939794699763,0.058493574602117085
1000.0,0.0,80.0,0.0,True,86.4750000000023,0.000906730096541938,0.4224094887731654,0.07854616209873287,0.031176438110490888,0.0031321833270262405,-0.03351109826644713,-0.026016310589199197,22.352351173328874,323.5932558636661,454.76238231865625,8500.0,172.0,135.0266782748693,-0.00354246789331335,0.23293056444456878,0.034479896548267795,-0.011233533414363834,0.0519456692445122
1000.0,0.0,100.0,0.0,True,95.17500000000263,0.002430743261028354,0.4507098815692022,0.14918954349697203,0.006087903196656185,-0.018927162793687828,-0.04700136843452633,-0.02939712728160041,25.060168352364588,323.59912967340347,494.65146716188764,8500.0,172.0,168.7841840831188,-0.029996950299141806,0.2391565191944595,0.04750702778362176,-0.013549505215077426,0.05199978433300303
1000.0,0.0,120.0,0.0,True,118.1250000000031,0.004371438435363793,0.5089231851503702,0.24055758609927205,-0.018767201883250643,-0.04576908483282093,-0.06286758417815394,-0.025521444831790484,30.494693424109165,323.6665607088439,574.9005202076071,8500.0,172.0,202.5358799539581,-0.1865570631998124,0.2519633603719868,0.06431958039564376,-0.01643890179771325,0.05571043706274065
1000.0,890.0,0.0,0.0,True,77.25000000000195,6.284071560928609e-05,0.8022654585744176,-0.15537399282787195,0.2170103956878251,0.5678283505274149,-0.007386187889316431,-0.05137199984062587,60.489621411374756,301.69580200266677,1002.4850855329962,10280.0,172.69260700389103,-0.00037585557386338,0.0005978356973450826,0.3164979561756064,-0.008647168236659241,-0.007218186537084201,0.20793052411005242
1000.0,890.0,20.0,0.0,True,138.74999999999997,9.076140549372916e-05,0.6633437181119839,-0.04821559939001124,0.1513110090600575,0.3838474667017392,0.0003141702968671395,-0.04405407735851076,50.41488365146553,323.59056324748695,904.9633189441247,10280.0,172.69260700389103,33.75665569363194,0.0002575692531670053,0.28593639851643415,0.011109224108420412,-0.008531435217959495,0.1549517087988866
1000.0,890.0,40.0,0.0,True,119.77500000000285,0.00011586500436391189,0.5709888609882351,0.024197536741039204,0.09911530112879956,0.16325478874529492,-0.0048614121998847345,-0.032498501292305394,37.12021288789573,323.5900536896703,685.9328854745802,10280.0,172.69260700389103,67.51711232474781,0.0007764663572080138,0.2656184661484546,0.024462510423226416,-0.009969666421334969,0.10203786328045905
1000.0,890.0,60.0,0.0,True,106.27500000000305,7.843664725835122e-05,0.51569946669644,0.06365651573557432,0.056228460618471775,0.04168500342140119,-0.01857975220275105,-0.02555701375330644,29.536672002717502,323.6004877304632,564.893800773548,10280.0,172.69260700389103,101.27419197889384,0.0013003485943042902,0.2534544378857652,0.03173208155726426,-0.011607195002700755,0.07224428326376128
1000.0,890.0,80.0,0.0,True,98.55000000000275,0.00043008150819743473,0.5088716736780562,0.12276280480395241,0.01988972202843404,-0.01158419998028514,-0.029020430848593664,-0.02231740316676672,27.931037873759703,323.5677291689423,538.5697127648143,10280.0,172.69260700389103,135.03530777097194,-0.03324486450863008,0.25195283622566317,0.04263100302437591,-0.013875448622981127,0.061710927915027594
1000.0,890.0,100.0,0.0,True,104.62500000000298,0.0005489001191993833,0.531148977952949,0.19926644264212395,-0.012020267645960057,-0.0425517029534078,-0.040504663535408415,-0.022037579174834836,29.81929019959467,323.58105528533696,565.6408563399002,10280.0,172.69260700389103,168.7868138328949,-0.12009461821065948,0.25685344955978123,0.056727037357216,-0.016514194485651078,0.05935354787860381
1000.0,890.0,120.0,0.0,True,119.17500000000294,0.004539390404836817,0.5820296088463968,0.2931062018555143,-0.04407038803778256,-0.06730982323443427,-0.054151876775927435,-0.019783880410642392,34.73257637619529,323.6172566950193,637.7020949643928,10280.0,172.69260700389103,202.5388773627314,-0.18206677680423153,0.2680469138471989,0.0740121749943361,-0.019724246400342975,0.06229043018326387
300.0,0.0,-10.0,-20.0,True,120.97500000000267,7.513169372361772e-05,0.5496897774229724,-0.1979874274412417,0.05052715334458278,0.08483136916066217,-0.005003842426902108,-0.07280043695297926,37.993513615873304,323.5903146173822,694.1892416590541,8500.0,172.0,-16.878442512284707,-33.757108563909696,0.26093239715715055,-0.016503234855327654,-0.01273304755623161,0.0848758891085799
300.0,0.0,-10.0,-10.0,True,126.6750000000018,7.738699162972672e-05,0.5791915757749239,-0.19643793787561167,0.12353518374344681,0.2444002753924041,-0.006591884657747149,-0.053853388648463896,41.41655449445468,323.5905764365367,755.9836026389263,8500.0,172.0,-16.878418507750915,-16.87809557360499,0.2674228121831847,-0.016217531721669006,-0.008527108786168495,0.11781723644753325
300.0,0.0,-10.0,10.0,True,125.325000000002,7.61706914903585e-05,0.5699180524032293,-0.1843155488028844,0.2888402115844829,0.5219810363262105,-0.0076672820907025055,-0.03822856880763069,40.3534857551788,323.5903366378135,760.0918216693685,8500.0,172.0,-16.87835477129359,16.880291906633893,0.26538262658373885,-0.01398247887215998,0.0026696128526115122,0.16645575876646115
300.0,0.0,-10.0,20.0,False,300.07499999997555,2.3386952711562133e-06,0.5280998943551103,-0.17451726360924655,0.3442448710890881,0.6786603895526923,-0.008668188362589157,-0.011280951411184154,35.62995779528755,323.9868231934265,699.9939546527219,8500.0,172.0,-16.878102598846674,33.75630056636369,0.2561819968703084,-0.012176004557589302,0.007273935509340146,0.18867683675890387
300.0,0.0,0.0,-20.0,False,300.07499999997555,0.01682579170379599,0.5590843184887263,-0.16293486219698783,0.034413335855017387,0.1764528478344844,-0.008509923305401883,-0.08809889133173716,39.20299092101397,323.9849164192098,718.6781214377357,8500.0,172.0,-0.013236359253203923,-33.754192083266524,0.262998255987121,-0.009996514541511039,-0.014011002073727144,0.10271168409122719
300.0,0.0,0.0,-10.0,False,300.07499999997555,0.013823015647942508,0.5911972236350026,-0.15604708324624833,0.10612300748972378,0.30426647790055716,-0.007019065033591761,-0.06284141323644823,42.899863126420065,323.98266996745286,784.0506767197048,8500.0,172.0,-0.018779137712807526,-16.880512291797544,0.27006264920530043,-0.009007908333647521,-0.009954602257002735,0.1303201460101513
300.0,0.0,0.0,10.0,True,127.20000000000172,7.695250428980613e-05,0.5817858699521199,-0.1448304872865036,0.28061912353851437,0.5156758763274458,-0.007781527240330594,-0.04665669110800411,41.71267976197446,323.5901480441481,780.1559846668864,8500.0,172.0,-4.3910806000226106e-05,16.88008173992593,0.2679935531649195,-0.006702992906000699,0.0018618104620184623,0.16701792704964497
300.0,0.0,0.0,20.0,True,118.27500000000308,7.299827486936293e-05,0.5354464169215616,-0.13871337645484677,0.33988833687418757,0.6488136634255944,-0.00752608788902554,-0.020773427241471628,36.4003478256334,323.5897159665211,707.1059461768093,8500.0,172.0,-1.7013141708496027e-05,33.759173255016705,0.2577988394917705,-0.0055751477771371245,0.006822652927807255,0.18435614545247053
300.0,0.0,10.0,-20.0,True,120.7500000000027,0.0004068235632283592,0.5484534752527472,-0.1269394831970176,0.011542933951651213,0.0845234165099434,-0.009694399566591416,-0.0699031033687973,37.854640824940375,323.590646336362,692.0665641591952,8500.0,172.0,16.878533562938948,-33.75801019133333,0.26066042301002856,-0.00340584584644815,-0.015298702799244163,0.0846438236714244
300.0,0.0,10.0,-10.0,True,126.45000000000184,7.731153591858366e-05,0.5783990180687016,-0.11773262892367428,0.08407729999212009,0.24451815912404662,-0.007627514698947617,-0.05198865925578464,41.324232396921026,323.59044245522,754.5793554020559,8500.0,172.0,16.878203421910833,-16.878629371920997,0.2672484487177709,-0.0017073665047884832,-0.011133632659646103,0.11772510024658751
300.0,0.0,10.0,10.0,True,125.02500000000205,7.619463325195246e-05,0.5690437970096676,-0.10510796332350683,0.250980440608681,0.52190225300431,-0.0064420685631759594,-0.039321234922633654,40.25280925190261,323.59012139973663,758.5189672806104,8500.0,172.0,16.878271927656563,16.87977797323246,0.26519029061676747,0.0006203008766804505,0.00017116288319746938,0.1663165443120737
300.0,0.0,10.0,20.0,False,300.07499999997555,2.30645014109822e-06,0.5267655026783475,-0.10273516000710614,0.30757573309959096,0.6784372191742374,-0.005378176825076286,-0.012855613910490385,35.483997892879906,323.9869155646078,697.6736356947206,8500.0,172.0,16.878108161776364,33.756280126418766,0.25588843042426124,0.001057647703505565,0.004864792444415586,0.18844584270345893
300.0,0.0,20.0,-20.0,False,300.07499999997555,0.004326794197865441,0.519757859557815,-0.08574514481076408,0.001017734540817669,-0.19762635210432716,-0.010337616225392424,-0.06266698486251898,34.62935600219331,323.9861809701796,632.017420337769,8500.0,172.0,33.758657411741616,-33.75088329298136,0.2543467974813033,0.004246818757119188,-0.015359375766393157,0.029752965365679628
300.0,0.0,20.0,-10.0,True,119.4000000000029,7.437053738455826e-05,0.5403714181254649,-0.07358981618556926,0.06799571461888727,0.08128255366042329,-0.004322425525359362,-0.045233725856406545,36.908750843021195,323.58993739365224,677.5468637689895,8500.0,172.0,33.75650731329943,-16.878753846809463,0.25888235253099146,0.006430815969051137,-0.011366444435459169,0.08290445147708304
300.0,0.0,20.0,10.0,True,117.52500000000319,7.344602616175855e-05,0.5300687744535262,-0.061718417255199776,0.21592818159174915,0.5084404288871447,-0.0034445579836056605,-0.035908591277076136,35.722040788398274,323.5901546172439,687.8506507720056,8500.0,172.0,33.756584994733196,16.879490233166592,0.25661576200689495,0.008619652875942208,-0.001302357361690606,0.15831990437828708
300.0,0.0,20.0,20.0,False,300.07499999997555,1.9908587246217506e-06,0.49833603160744494,-0.062114339016839014,0.27003111899297905,0.6970892692006652,-0.004748371861648174,-0.009642623555731368,32.16604163716458,323.98839018941084,649.0085300475699,8500.0,172.0,33.75621197244224,33.75625993627616,0.24963394407483125,0.008546517817650649,0.0029935233051172185,0.18773779177543512
