draw,fuel_frac,fuel_fwd,fuel_aft,converged,c0,c1,c2,c3,theta,phi,psi_gauge,rpm,weight,cg_x,cg_z
equal,1,890,890,True,0.70481,-0.150228,0.200579,0.48508,-0.00660423,-0.0504928,57.6792,323.598,10280,172.693,68.5934
equal,0.75,667.5,667.5,True,0.680321,-0.150353,0.19874,0.465915,-0.00700124,-0.0501245,54.2446,323.575,9835,172.543,69.9776
equal,0.5,445,445,True,0.655494,-0.150723,0.197095,0.447265,-0.00651546,-0.0499906,50.8924,323.61,9390,172.379,71.4931
equal,0.25,222.5,222.5,True,0.630632,-0.150828,0.195112,0.429455,-0.0067164,-0.0497771,47.6251,323.589,8945,172.199,73.1593
equal,0,0,0,True,0.605482,-0.151181,0.193395,0.412222,-0.00665716,-0.0501263,44.441,323.59,8500,172,75
fwd_first,1,890,890,True,0.70481,-0.150228,0.200579,0.48508,-0.00660423,-0.0504928,57.6792,323.598,10280,172.693,68.5934
fwd_first,0.75,445,890,True,0.680069,-0.134915,0.198511,0.468312,-0.00349618,-0.050269,54.242,323.66,9835,173.9,69.9776
fwd_first,0.5,0,890,True,0.655574,-0.119477,0.196398,0.452613,-0.000657984,-0.0502129,50.8939,323.585,9390,175.223,71.4931
fwd_first,0.25,0,445,True,0.630615,-0.135056,0.194959,0.432067,-0.00414069,-0.0502405,47.6236,323.591,8945,173.691,73.1593
fwd_first,0,0,0,True,0.605482,-0.151181,0.193395,0.412222,-0.00665716,-0.0501263,44.441,323.59,8500,172,75
aft_first,1,890,890,True,0.70481,-0.150228,0.200579,0.48508,-0.00660423,-0.0504928,57.6792,323.598,10280,172.693,68.5934
aft_first,0.75,890,445,True,0.680124,-0.166323,0.199597,0.463064,-0.00957001,-0.0500531,54.2394,323.633,9835,171.186,69.9776
aft_first,0.5,890,0,True,0.655538,-0.181492,0.197708,0.442083,-0.0123952,-0.0496241,50.8913,323.591,9390,169.536,71.4931
aft_first,0.25,445,0,True,0.630625,-0.166557,0.195479,0.426803,-0.00931188,-0.0496531,47.6247,323.591,8945,170.707,73.1593
aft_first,0,0,0,True,0.605482,-0.151181,0.193395,0.412222,-0.00665716,-0.0501263,44.441,323.59,8500,172,75
