dir,from_deg,wind_kt,mode,converged,settle_s,ctrl_std,c0,c1,c2,c3,theta,phi,psi_gauge,p_rotor_hp,u_air,v_air,u_gnd,v_gnd,rpm,rot_coll,rot_lon,rot_lat,rot_tail,h,sfd_gnd_c0,sfd_gnd_c1,sfd_gnd_c2,sfd_gnd_c3
karşı,0.0,0.0,hover_wind,True,131.17500000000067,9.742888995377782e-05,0.6054597423662159,-0.1511782487219196,0.1930814107609606,0.4122885601372282,-0.006883951400590953,-0.04960100701588518,44.44172467764693,814.9865810618662,-0.0010741780450174707,0.000612584316157923,-0.0010749666212925579,0.0006192098510719498,323.601365076438,0.27320181363329626,-0.007876537811744706,-0.004479760341770273,0.15179344861030158,300.0062287057392,0.6051808805,-0.222867173,0.2569075915,0.412294422
karşı,0.0,0.0,flight_nowind,True,131.5500000000006,0.00010273996686003659,0.6054541326598045,-0.15118377726565185,0.1932237640722157,0.4122435500076269,-0.007111000778891942,-0.04975363630295836,44.440454299408486,814.959325150376,-0.0013959008676943977,-0.0012650077708940511,-0.001397765669789227,-0.0012532383888601564,323.59972585158624,0.2732004905485204,-0.00788003460542358,-0.004472449729795094,0.15178574123476016,300.0065808845004,0.6051808805,-0.222867173,0.2569075915,0.412294422
karşı,0.0,10.0,hover_wind,True,128.55000000000106,9.837804003473689e-05,0.589550809183216,-0.10657560396167934,0.170910569292267,0.3848204426866115,-0.002411964714687435,-0.04786055430328281,42.62201841216518,784.6843040449676,16.877424520778632,0.0034688587399197336,-0.0006256415552438066,5.2206361801360425e-05,323.6011002534562,0.269701815027057,0.0003467812315481593,-0.005604490887381622,0.14457431556292488,300.00613773017807,0.6051808805,-0.222867173,0.2569075915,0.412294422
karşı,0.0,10.0,flight_nowind,True,128.55000000000106,9.508359667305712e-05,0.589550132737739,-0.10659218065665034,0.1708989387073707,0.3847946518694674,-0.0024130875521713707,-0.04790281416637878,42.6219699853759,784.6817132687648,16.878245717922955,0.0005439707902848779,16.878294581390765,-0.0014023793505047882,323.60115471164295,0.26970168351380885,0.0003466261347254763,-0.005605361867065557,0.14456954832841745,300.0061175313967,0.6051808805,-0.222867173,0.2569075915,0.412294422
karşı,0.0,20.0,hover_wind,True,121.0500000000022,8.922142508167863e-05,0.5471492062095578,-0.06365945133712561,0.14481441441607765,0.30576208430291996,0.00017176855409073406,-0.04276820666487731,37.70225726403438,703.2414159750982,33.75636300288885,0.001762459973026949,0.00016558826827668232,-0.00014724180952754233,323.60192781346706,0.26037347174098946,0.00826440133541098,-0.0064072203097654355,0.12428015735359337,300.0058412994082,0.6051808805,-0.222867173,0.2569075915,0.412294422
karşı,0.0,20.0,flight_nowind,True,120.97500000000221,9.119693684314901e-05,0.5471499119281742,-0.06364322491383854,0.14480385727482173,0.30574430588318946,0.00017344247999429949,-0.042855466337583595,37.70215021477036,703.2372773861,33.75655201557843,0.0003505562816773877,33.75655254654892,0.0006067005534052732,323.60135014824607,0.26037360819311317,0.008264760563566119,-0.006407871604674459,0.12427706652074227,300.00587145085484,0.6051808805,-0.222867173,0.2569075915,0.412294422
karşı,0.0,30.0,hover_wind,True,116.17500000000294,0.0016166801076017753,0.49788583744393544,-0.030363342787017435,0.11891414374160775,0.20380700596862425,-0.0013078685478826696,-0.03666904583579469,31.94214039053958,608.9587157611481,50.640101697169584,0.0027962460494032216,0.005874344488935774,-0.0012712159434920256,323.6426514516493,0.24953587018837262,0.014424083764158878,-0.007046487126272926,0.09888279818504163,300.00473727947696,0.6051808805,-0.222867173,0.2569075915,0.412294422
karşı,0.0,30.0,flight_nowind,True,110.32500000000331,8.675043631835354e-05,0.49800763224277445,-0.03019638626124166,0.11887655743695502,0.2038040740720023,-0.0013084980527146694,-0.03680608867764264,31.94343280556745,608.8985508251225,50.63529833445117,0.00025942251735124543,50.63534154946536,-0.002176233519643852,323.60109404813085,0.2495622770701952,0.014430950720210398,-0.007050898387120566,0.09890024479608077,300.0056116053075,0.6051808805,-0.222867173,0.2569075915,0.412294422
sağ,90.0,10.0,hover_wind,True,127.12500000000128,9.404899393695666e-05,0.5818313968133038,-0.14483881371989604,0.2805265503836758,0.515524556720227,-0.007727623663936522,-0.04667628237609339,41.72121070786761,780.3052665398375,-0.0017922282657789595,16.8593563570927,1.6193244024586913e-05,-0.0003543283953537054,323.6011432866476,0.2680035544959415,-0.006704682772146966,0.0018547265602575132,0.1669972761474445,300.00606578229804,0.6051808805,-0.222867173,0.2569075915,0.412294422
sağ,90.0,10.0,flight_nowind,True,127.20000000000127,9.359596617658369e-05,0.5817543767188956,-0.14482862642660357,0.2806043742767353,0.5156521257057586,-0.00778113070195682,-0.046656495702043596,41.71224388276385,780.1744957829511,-4.273458689484021e-05,16.88002865139825,-4.362073636672e-05,16.898423121851692,323.6010771149963,0.2679866069534993,-0.006702652692079097,0.0018615223605372702,0.16700912145927088,300.00602064560275,0.6051808805,-0.222867173,0.2569075915,0.412294422
sağ,90.0,20.0,hover_wind,True,118.50000000000259,8.9533637803683e-05,0.5355096053466306,-0.1387258748654252,0.3398710551164026,0.648716717666087,-0.007436258318274736,-0.020799006267723737,36.410520296285014,707.285454309299,-0.004051131220583476,33.74836390441066,-8.785281081376888e-06,-0.0005299163989635229,323.60130237819567,0.25781272891370305,-0.00557751473429509,0.006820250711867641,0.18434789197925194,300.00579544488846,0.6051808805,-0.222867173,0.2569075915,0.412294422
sağ,90.0,20.0,flight_nowind,True,118.27500000000262,8.878731558147533e-05,0.535416541397696,-0.13871215894014546,0.33986669918835843,0.6487868957717058,-0.007525767242412535,-0.020773464663004507,36.400118187019956,707.1249370398177,-1.6559797631740688e-05,33.75909359070951,-1.737179159632971e-05,33.76638129261099,323.60065300504596,0.257792250091472,-0.005574926341810811,0.006821869852388572,0.18434702622506613,300.0057109017973,0.6051808805,-0.222867173,0.2569075915,0.412294422
sağ,90.0,30.0,hover_wind,False,300.0749999999751,3.253820021105122e-06,0.49964815231946885,-0.11853721402816231,0.3686502550623497,0.8434128349026173,-0.0025621118674327937,0.02172843965404062,32.306719441042986,661.1606882296599,6.706700860922026,50.17592769870596,7.610966345801343e-07,-1.70149421205849e-05,323.98849093115876,0.24992261013924946,-0.001855300873936918,0.009522982593363916,0.21426386324739036,300.00017393147175,0.6051808805,-0.222867173,0.2569075915,0.412294422
sağ,90.0,30.0,flight_nowind,False,300.0749999999751,0.053350956100417214,0.5053648936553988,-0.1376313935078519,0.37163966751112304,0.8370486098260931,-0.005980264749449618,0.04012707868054684,32.98717153177365,670.7026252706845,0.22058035848646718,50.65247074207346,0.2205332997905674,50.69254783991372,323.98338924052786,0.2511864954071207,-0.004264676919216457,0.009655289532553585,0.21399808536573062,299.98656048746545,0.6051808805,-0.222867173,0.2569075915,0.412294422
arka,180.0,10.0,hover_wind,True,128.55000000000106,9.262457645996914e-05,0.5900382971823657,-0.19502703139554356,0.2098138441685432,0.3844563751005545,-0.010899665701679946,-0.048206485440706735,42.6794021525456,785.5364840614046,-16.877628976006484,-0.01038061597887383,-0.0005336631713787454,-0.00010257696070137365,323.60062369397053,0.2698090875312028,-0.015961034458449454,-0.0030282056410173576,0.14457834402542136,300.00614310163724,0.6051808805,-0.222867173,0.2569075915,0.412294422
arka,180.0,10.0,flight_nowind,True,128.70000000000104,9.515997645293846e-05,0.5900327311499444,-0.1950464029178918,0.20987830864097348,0.38454371921334457,-0.010895583134179616,-0.04816238095394249,42.678844724800825,785.5353625824785,-16.878386546352274,0.0010599860841095355,-16.87938970621442,0.009931053447423623,323.6009437353641,0.26980785569330407,-0.01596096098400826,-0.0030238430091744438,0.14459341061380304,300.00612356515774,0.6051808805,-0.222867173,0.2569075915,0.412294422
arka,180.0,20.0,hover_wind,True,120.30000000000231,0.0001671405636314422,0.5476809158060537,-0.21747832961478056,0.22071640500267248,0.30494406936478274,-0.007815295989861025,-0.04379567155426722,37.763905215763444,704.1111530333105,-33.754965232134595,-0.013917819925136542,0.00020079438104635667,-0.00030470810545945996,323.59587480013744,0.26049037763541344,-0.020095496554769686,-0.0013714084320440873,0.12420841352111953,300.00623371333114,0.6051808805,-0.222867173,0.2569075915,0.412294422
arka,180.0,20.0,flight_nowind,True,121.20000000000218,9.103436412893707e-05,0.5476600443869599,-0.2174658646400876,0.2207959538928919,0.30510635876443,-0.007796512263940887,-0.04370844263410864,37.76306994208532,704.1211540469386,-33.75666381808967,0.0010344806690484659,-33.75769069215653,0.012551373245861974,323.60109825607645,0.26048583426069577,-0.02009390295016703,-0.0013661607473428156,0.12423473798711651,300.00587797880837,0.6051808805,-0.222867173,0.2569075915,0.412294422
arka,180.0,30.0,hover_wind,False,300.0749999999751,0.22191750331853033,0.5133679819696648,-0.2527068093822145,0.22521191591362308,0.23906016417008502,0.015839000187610405,-0.04048742694165558,33.910667699319184,641.847086460508,-50.755321920385974,1.3804418773917777,-0.6736345047174904,0.8281201146323807,323.82017806526414,0.25302286503169574,-0.025717880063220448,6.158249531735119e-05,0.10867296203715524,299.54794058838866,0.6051808805,-0.222867173,0.2569075915,0.412294422
arka,180.0,30.0,flight_nowind,False,300.0749999999751,0.6643996952042667,0.5774034055404869,-0.5865370729207158,0.3182342417305323,0.30512892991882656,0.2909199586525765,-0.06869072598314407,43.018715154061056,797.1597012599834,-21.95267019409841,6.703535429109677,-23.338953372401175,10.740021042370213,323.96780305078244,0.2669289436947425,-0.02945063696457103,0.0013875304623930135,0.13612286387791847,300.0717801564877,0.6051808805,-0.222867173,0.2569075915,0.412294422
sol,270.0,10.0,hover_wind,False,300.0749999999751,0.03662166850352147,0.5922133484674064,-0.16435729805082075,0.10646665947735212,0.3043651383683511,-0.006790415365843191,-0.06094527014574707,43.0262346533041,786.0078762627006,0.2315781882620142,-16.88669311153776,0.22674999169623467,-0.03964026741316755,323.98242560445107,0.2702871085155958,-0.009059477215837013,-0.009990130154327924,0.13050411440015,299.9965539477749,0.6051808805,-0.222867173,0.2569075915,0.412294422
sol,270.0,10.0,flight_nowind,False,300.0749999999751,0.014564572394202717,0.5911307767901539,-0.1598312200882833,0.1063286337405014,0.30414191197278395,-0.007990527179966267,-0.06309721983580249,42.89134036476496,783.9136356433813,0.06597374070501491,-16.882451410206418,0.06594545345673201,-16.915900526647032,323.9844017193285,0.27004643032417147,-0.009043285023689231,-0.009937820794916292,0.13028595057568906,300.0022496529356,0.6051808805,-0.222867173,0.2569075915,0.412294422
sol,270.0,20.0,hover_wind,False,300.0749999999751,0.06884132691147794,0.5604345206056902,-0.17499224325096768,0.034738177954190486,0.17547162167176883,-0.005007744926687576,-0.08319312922903692,39.36239456969868,721.068690612363,0.4417825353185599,-33.71514001038525,0.4168461052602528,-0.07555757730995183,323.984534099347,0.2633016887368541,-0.010031505898164142,-0.01409967610823847,0.10278602059230471,299.9925826707278,0.6051808805,-0.222867173,0.2569075915,0.412294422
sol,270.0,20.0,flight_nowind,False,300.0749999999751,0.016277699111011904,0.5589496787229842,-0.16019793502806937,0.03401855588650395,0.17644136214550343,-0.006675699885434079,-0.08779840691170265,39.18807528549086,718.4555249422291,-0.041977411350216334,-33.74803522265166,-0.042010144784679966,-33.878410281594824,323.98734593906545,0.26296827013416346,-0.009945694169665365,-0.014024925246074762,0.10269127647898682,300.00600964573874,0.6051808805,-0.222867173,0.2569075915,0.412294422
sol,270.0,30.0,hover_wind,False,300.0749999999751,2.9796687582543653e-06,0.5381930631818506,-0.15790509948131518,-0.023888821407486684,0.03005778823655906,0.002502016371280888,-0.12171092460728432,36.75633173125884,673.6599833506677,3.1882424054836984,-50.161031176959895,5.857663738959077e-06,-7.20980975285244e-05,323.98665416575653,0.25840249483832983,-0.00911372900571331,-0.01742885741223879,0.07337203211772705,300.0001955087117,0.6051808805,-0.222867173,0.2569075915,0.412294422
sol,270.0,30.0,flight_nowind,False,300.0749999999751,0.0006142276337033843,0.5387215864665842,-0.16592493928229374,-0.016180442252437713,0.03197610464644763,-0.007305652453349298,-0.12964840213546133,36.83376584682634,674.9154102672301,0.003247481966880681,-50.24431243106596,0.003247548276969163,-50.66956508553792,323.9867345619357,0.25851879960556423,-0.0105697901080535,-0.01692781957717071,0.07379346891132492,300.00022179247435,0.6051808805,-0.222867173,0.2569075915,0.412294422
